"model","3d","display_format","diagonal_size","review_date"
"Sony XBR 55X900B","Yes","4K UHDTV (2160p)","55 in","Jun. 24, 2014"
"Sony XBR-65X900B","","4K (2160p)","65 in","Jun. 24, 2014"
"Sony KDL-50W800B","Yes","1080p (FullHD)","50 in","Jun. 17, 2014"
"Sony KDL-55W800B","","1080p","55 in","Jun. 17, 2014"
"Vizio M502i-B1","","","","Jun. 10, 2014"
"Vizio M492i-B2","","1080p (FullHD)","49 in","Jun. 10, 2014"
"VIZIO M422i-B1","","1080p (FullHD)","42 in","Jun. 10, 2014"
"Vizio M652i-B2","","1080p (FullHD)","65 in","Jun. 10, 2014"
"Vizio M702i-B3","","1080p (FullHD)","70 in","Jun. 10, 2014"
"Vizio M552i-B2","","1080p (FullHD)","55 in","Jun. 10, 2014"
"Sharp LC 80UQ17U","Yes","1080p (FullHD)","80 in","May. 30, 2014"
"Vizio M602i-B3","","1080p (FullHD)","60 in","Jun. 10, 2014"
"Sharp LC 60UQ17U","Yes","1080p (FullHD)","60 in","May. 30, 2014"
"Sharp LC 70UQ17U","Yes","1080p (FullHD)","70 in","May. 30, 2014"
"VIZIO E400i-B2","","","40 in","May. 28, 2014"
"VIZIO E600i-B3","","1080p (FullHD)","60 in","May. 28, 2014"
"Vizio E550i-B2","","1080p (FullHD)","55 in","May. 28, 2014"
"VIZIO E480i-B2","","1080p (FullHD)","48 in","May. 28, 2014"
"VIZIO E390i-B1","","1080p (FullHD)","39 in","May. 28, 2014"
"VIZIO E420i-B0","","1080p (FullHD)","42 in","May. 28, 2014"
"Vizio E390i-B0","","1080p (FullHD)","39 in","May. 28, 2014"
"Vizio E500i-B1","","1080p (FullHD)","50 in","May. 28, 2014"
"Samsung UN50H6400","Yes","1080p (FullHD)","50 in","May. 7, 2014"
"Samsung UN55H6400","Yes","1080p","55 in","May. 7, 2014"
"Samsung UN40H6400","Yes","1080p (FullHD)","40 in","May. 7, 2014"
"Samsung UN65H6400","Yes","1080p (FullHD)","65 in","May. 7, 2014"
"Samsung UN48H6400","Yes","1080p (FullHD)","48 in","May. 7, 2014"
"Samsung UN60H6400","Yes","1080p (FullHD)","60 in","May. 7, 2014"
"Samsung UN50H6350","","","","May. 2, 2014"
"Samsung UN32H6350","","1080p (FullHD)","31.5","May. 2, 2014"
"Samsung UN55H6350","","1080p","55 in","May. 2, 2014"
"Samsung UN32H6350","","1080p (FullHD)","31.5","May. 2, 2014"
"Samsung UN40H6350","","1080p (FullHD)","40.0","May. 2, 2014"
"Samsung UN60H6350","","1080p (FullHD)","60.0","May. 2, 2014"
"Samsung UN75H6350","","1080p (FullHD)","74.5","May. 2, 2014"
"Sony KDL-60W850B","Yes","1080p","60 in","Apr. 14, 2014"
"Sony KDL-70W850B","Yes","1080p (FullHD)","70 in","Apr. 14, 2014"
"Samsung UN65H6350","","1080p (FullHD)","64.5","May. 2, 2014"
"Toshiba 65L9300U","Active 3D","4K UHDTV (2160p)","65 in","Feb. 5, 2014"
"Vizio M701d-A3R","Yes","1080p","70 in","Jan. 23, 2014"
"Sony KDL-70R550A","Passive 3D","1080p (FullHD)","70 in","Nov. 25, 2013"
"Sony KDL-60R550A","Passive 3D","1080p (FullHD)","60 in","Nov. 25, 2013"
"Samsung UN55F7100","Active 3D","1080p (FullHD)","55 in","Nov. 12, 2013"
"Samsung UN65F7100","Active 3D","1080p (FullHD)","65 in","Nov. 12, 2013"
"Samsung UN60F7100","Active 3D","1080p (FullHD)","60 in","Nov. 12, 2013"
"Samsung UN75F7100","Active 3D","1080p (FullHD)","75 in","Nov. 12, 2013"
"Samsung UN46F7100","Active 3D","1080p (FullHD)","46 in","Nov. 12, 2013"
"Vizio M601d-A3R","Yes","1080p","60 in","Jan. 23, 2014"
"Panasonic TC-L65WT600","Active 3D","4K UHDTV (2160p)","65 in","Nov. 4, 2013"
"Samsung UN65F9000","Active 3D","4K UHDTV (2160p)","65 in","Oct. 24, 2013"
"Samsung UN65F9000","Active 3D","4K UHDTV (2160p)","65 in","Oct. 24, 2013"
"Samsung UN40F5000AF","","1080p","40 in","Oct. 4, 2013"
"Samsung UN32F5000AF","","1080p (FullHD)","32 in","Oct. 4, 2013"
"Samsung UN50F5000AF","","1080p (FullHD)","50 in","Oct. 4, 2013"
"Sharp LC 60LE757U - 60' 3D LED TV","Yes","1080p (FullHD)","60 in","Sep. 19, 2013"
"Samsung UN22F5000AF","","1080p (FullHD)","22 in","Oct. 4, 2013"
"Sharp LC-80LE757U","Active 3D","1080p (FullHD)","80 in","Sep. 19, 2013"
"Sharp LC-70LE757U","Active 3D","1080p (FullHD)","70 in","Sep. 19, 2013"
"Samsung UN32F6300","","1080p (FullHD)","32 in","Sep. 18, 2013"
"Samsung UN60F6300","","1080p (FullHD)","60 in","Sep. 18, 2013"
"Samsung UN32F6300","","1080p (FullHD)","32 in","Sep. 18, 2013"
"Samsung UN60F6300","","1080p (FullHD)","60 in","Sep. 18, 2013"
"Samsung UN46F6300","","1080p (FullHD)","46 in","Sep. 18, 2013"
"Samsung UN40F6300","","1080p (FullHD)","40 in","Sep. 18, 2013"
"Panasonic TC-L65E60","","1080p","65 in","Aug. 30, 2013"
"Panasonic TC-L58E60","","1080p","58 in","Aug. 30, 2013"
"Samsung UN60F6400","Active 3D","1080p (FullHD)","60 in","Aug. 29, 2013"
"Samsung UN75F6400","Active 3D","1080p (FullHD)","75 in","Aug. 29, 2013"
"Samsung UN40F6400","Active 3D","1080p (FullHD)","40 in","Aug. 29, 2013"
"Panasonic TC-L42E60","","1080p","42 in","Aug. 30, 2013"
"Samsung UN50F6400","Active 3D","1080p (FullHD)","50 in","Aug. 29, 2013"
"Samsung UN65F6400","Active 3D","1080p (FullHD)","65 in","Aug. 29, 2013"
"Samsung UN55F6400","Active 3D","1080p (FullHD)","55 in","Aug. 29, 2013"
"Samsung UN46F6400","Active 3D","1080p (FullHD)","46 in","Aug. 29, 2013"
"LG 47LA6200","Passive 3D","1080p (FullHD)","47 in","Aug. 26, 2013"
"LG 50LA6200","Passive 3D","1080p","50 in","Aug. 26, 2013"
"LG 55LA6200","Passive 3D","1080p","55 in","Aug. 26, 2013"
"LG 42LA6200 - 42' Class ( 41.9' viewable ) 3D LED TV","Yes","1080p (FullHD)","42 in","Aug. 26, 2013"
"LG 60LA6200","Passive 3D","1080p","60 in","Aug. 26, 2013"
"LG 60PH6700 - 60' Class ( 59.8' viewable ) 3D plasma TV","Yes","1080p (FullHD)","60 in","Aug. 9, 2013"
"LG 55LA8600","","1080p","55 in","Aug. 2, 2013"
"Samsung PN60F5500 - 60' Class ( 59.9' viewable ) 3D plasma TV","Yes","1080p (FullHD)","60 in","Jul. 22, 2013"
"LG 60LA8600","","","60 in","Aug. 2, 2013"
"Samsung PN51F5500","Active 3D","1080p","51 in","Jul. 22, 2013"
"Samsung PN64F5500","Active 3D","1080p (FullHD)","64 in","Jul. 22, 2013"
"Vizio M651d-A2R","Yes","1080p","65 in","Jul. 3, 2013"
"Vizio M501d-A2R","Yes","1080p","50 in","Jul. 3, 2013"
"Sony KDL-32R400A","","720p","32 in","Jul. 10, 2013"
"Vizio M551d-A2R","Yes","1080p","55 in","Jul. 3, 2013"
"Samsung UN46F8000","Active 3D","1080p (FullHD)","46 in","Jun. 20, 2013"
"TCL LE58FHDE3010","","1080p","58 in","Jun. 21, 2013"
"Samsung UN65F8000","Active 3D","1080p","65 in","Jun. 20, 2013"
"Samsung UN60F8000","Active 3D","1080p","60 in","Jun. 20, 2013"
"Samsung UN55F8000","Active 3D","1080p","55 in","Jun. 20, 2013"
"Samsung UN75F8000","Active 3D","1080p","75 in","Jun. 20, 2013"
"Panasonic TC-L55DT60","Yes","1080p","55 in","Jun. 6, 2013"
"Panasonic TC-L60DT60","Yes","1080p","60 in","Jun. 6, 2013"
"Toshiba 50L2300U","","1080p","50 in","May. 30, 2013"
"Sony KDL-55W900A","Active 3D","1080p","55 in","May. 28, 2013"
"Panasonic TC-P60ZT60","Yes","1080p","60 in","May. 20, 2013"
"Toshiba 39L2300U","","1080p","39 in","May. 30, 2013"
"Panasonic TC-P65ZT60","Yes","1080p","65 in","May. 20, 2013"
"Sony KDL-47W802A","Passive 3D","1080p (FullHD)","47 in","May. 17, 2013"
"Sony KDL-55W802A","Passive 3D","1080p (FullHD)","55 in","May. 17, 2013"
"Panasonic TC-P65VT60","Active 3D","1080p","65 in","May. 6, 2013"
"Panasonic TC-P55VT60","Active 3D","1080p","55 in","May. 6, 2013"
"Seiki SE50UY04 (4K UHD)","","4K (2160p)","50 in","May. 8, 2013"
"Panasonic TC-P60VT60","Active 3D","1080p","60 in","May. 6, 2013"
"Samsung PN60F8500","Active 3D","1080p","60 in","May. 1, 2013"
"Samsung PN64F8500","Active 3D","1080p","64 in","May. 1, 2013"
"Samsung PN60F8500","Active 3D","1080p","60 in","May. 1, 2013"
"Panasonic TC-P65S60","","1080p","65 in","Apr. 19, 2013"
"Panasonic TC-P55S60","","1080p","55 in","Apr. 19, 2013"
"Panasonic TC-P60S60","","1080p","60 in","Apr. 19, 2013"
"Panasonic TC-P50ST60","Active 3D","1080p","50 in","Apr. 12, 2013"
"Panasonic TC-P50S60","","1080p","50 in","Apr. 19, 2013"
"Panasonic TC-P55ST60","Active 3D","1080p","55 in","Apr. 12, 2013"
"Panasonic TC-P60ST60","Active 3D","1080p","60 in","Apr. 12, 2013"
"Sharp LC-60LE650","","1080p","60 in","Apr. 1, 2013"
"Sharp LC-80LE650U","","1080p (FullHD)","80 in","Apr. 1, 2013"
"Sharp LC-70LE650","","1080p","70 in","Apr. 1, 2013"
"Vizio E420i-A1","","1080p (FullHD)","42 in","Feb. 5, 2013"
"Vizio E470i-A1","","1080p","47 in","Feb. 5, 2013"
"Vizio E500i-A1","","1080p","50 in","Feb. 5, 2013"
"Vizio E390i-A1","","1080p","39 in","Feb. 5, 2013"
"Vizio E701i-A3","","1080p","70 in","Dec. 21, 2012"
"Sharp LC 70LE847U - 70' Class ( 69.5' viewable ) 3D LED TV","Yes","1080p (FullHD)","70 in","Dec. 11, 2012"
"Vizio E601i-A3","","1080p","60 in","Dec. 21, 2012"
"Sharp Quattron LC-60LE847U","Active 3D","1080p","60 in","Dec. 11, 2012"
"Sony XBR-65HX950","Yes","1080p","65 in","Nov. 20, 2012"
"Sony XBR-55HX950","Yes","1080p","55 in","Nov. 20, 2012"
"LG 42CS560 - 42' LCD TV","","1080p (FullHD)","42 in","Nov. 15, 2012"
"LG 55LS4600","","1080p (FullHD)","55 in","Nov. 12, 2012"
"Samsung LN40E550F","No","1080p","40 in","Oct. 29, 2012"
"Toshiba 40E220U","","1080p","40 in","Nov. 7, 2012"
"Samsung LN46E550F","","1080p (FullHD)","46 in","Oct. 29, 2012"
"TCL L40FHDP60","","1080p","40 in","Oct. 10, 2012"
"Sony KDL-46EX645 - 46' LED TV","","1080p (FullHD)","46 in","Oct. 8, 2012"
"Sony KDL-60EX645 - 60' LED TV","","1080p (FullHD)","60 in","Oct. 8, 2012"
"Sony KDL-50EX645","","1080p","50 in","Oct. 8, 2012"
"Philips 50PFL5907/F7","","1080p","50 in","Oct. 5, 2012"
"Philips 42PFL5907/F7","","1080p","42 in","Oct. 5, 2012"
"Philips 55PFL5907/F7","","1080p","55 in","Oct. 5, 2012"
"Panasonic TC-P50X5","","720p","50 in","Oct. 1, 2012"
"Philips 46PFL5907/F7","","1080p","46 in","Oct. 5, 2012"
"Vizio E320i-A0","","720p","32 in","Sep. 28, 2012"
"LG 60PA6500","","1080p (FullHD)","60 in","Sep. 26, 2012"
"LG 50PA6500 - 50' Class ( 49.9' viewable ) plasma TV","","1080p (FullHD)","50 in","Sep. 26, 2012"
"LG 50PA4500","","720p","50 in","Sep. 25, 2012"
"Samsung PN43E450","","720p","43 in","Sep. 17, 2012"
"Samsung PN51E450 - 51' Class ( 50.73' viewable ) plasma TV","","720p","51 in","Sep. 17, 2012"
"LG 55LM7600","Passive Cinema 3D with Dual Play","1080p","55 in","Sep. 14, 2012"
"LG 47LM7600","Passive Cinema 3D with Dual Play","1080p","47 in","Sep. 14, 2012"
"Sony KDL-40EX640","","1080p","40 in","Sep. 4, 2012"
"Sony KDL-46EX640","","1080p (FullHD)","46 in","Sep. 4, 2012"
"Sony KDL-55EX640","","1080p","55 in","Sep. 4, 2012"
"Samsung PN51E550","Yes","1080p (FullHD)","51 in","Aug. 30, 2012"
"Panasonic TC-P50U50","","1080p (FullHD)","50 in","Aug. 24, 2012"
"Panasonic TC-P50U50","","1080p (FullHD)","50 in","Aug. 24, 2012"
"Samsung UN40ES6500","Active 3D","1080p","40 in","Aug. 20, 2012"
"Samsung PN64E550","Yes","1080p (FullHD)","64 in","Aug. 30, 2012"
"Samsung UN50ES6500","Active 3D","1080p","50 in","Aug. 20, 2012"
"Samsung UN46ES6500","Active 3D","1080p","46 in","Aug. 20, 2012"
"Samsung UN32ES6500","Active 3D","1080p (FullHD)","32 in","Aug. 20, 2012"
"Samsung UN55ES6500","Active 3D","1080p","55 in","Aug. 20, 2012"
"Samsung UN65ES6500","Active 3D","1080p","65 in","Aug. 20, 2012"
"Samsung UN60ES6500","Active 3D","1080p","60 in","Aug. 20, 2012"
"Sony KDL-32BX330","","720p","31.5 in","Aug. 8, 2012"
"Toshiba 47L7200U - 47' Class ( 46.96' viewable ) 3D LED TV","Yes","1080p (FullHD)","47 in","Aug. 3, 2012"
"Toshiba 55L7200U - 55' Class ( 54.64' viewable ) 3D LED TV","Yes","1080p (FullHD)","55 in","Aug. 3, 2012"
"Samsung UN26EH4000 - 26' Class ( 26' viewable ) LED TV","","720p","26 in","Aug. 7, 2012"
"Vizio M3D550KD","Passive 3D","1080p","55 in","Jul. 27, 2012"
"Vizio M3D470KD","Passive 3D","1080p","47 in","Jul. 27, 2012"
"LG 60PM9700","Yes","1080p","60 in","Jul. 25, 2012"
"Panasonic TC-L47WT50","Yes","1080p","47 in","Jul. 18, 2012"
"Samsung UN46ES8000","Active 3D","1080p","46 in","Jul. 10, 2012"
"Samsung UN60ES8000","Active 3D","1080p","60 in","Jul. 10, 2012"
"Samsung UN55ES8000","Active 3D","1080p","55 in","Jul. 10, 2012"
"Samsung UN65ES8000","Active 3D","1080p","65 in","Jul. 10, 2012"
"Panasonic TC L55E50 - 55' Class ( 54.6' viewable ) LED-backlit LCD TV","","1080p (FullHD)","55 in","Jul. 9, 2012"
"Panasonic TC L47E50 - 47' LED-backlit LCD TV","","1080p (FullHD)","47 in","Jul. 9, 2012"
"Toshiba 50L5200U","No","1080p","50 in","Jun. 28, 2012"
"Toshiba 40L5200U","No","1080p","40 in","Jun. 28, 2012"
"Toshiba 46L5200U - 46' Class ( 45.63' viewable ) LED TV","","1080p (FullHD)","46 in","Jun. 28, 2012"
"Panasonic TC-P65GT50","Yes","1080p","65 in","Jun. 21, 2012"
"Panasonic TC P60GT50 - 60' Class ( 60.1' viewable ) 3D plasma TV","Yes","1080p (FullHD)","60 in","Jun. 21, 2012"
"Samsung PN60E6500","Active 3D","1080p","60 in","Jun. 8, 2012"
"Samsung PN51E6500","Active 3D","1080p","51 in","Jun. 8, 2012"
"Samsung UN55EH6000","","1080p","55 in","Jun. 8, 2012"
"Samsung UN40EH6000","","1080p","40 in","Jun. 8, 2012"
"Samsung UN65EH6000","","1080p","65 in","Jun. 8, 2012"
"Samsung UN60EH6000","","1080p","60 in","Jun. 8, 2012"
"Samsung UN55EH6000","","1080p","55 in","Jun. 8, 2012"
"Samsung UN46EH6000","","1080p","46 in","Jun. 8, 2012"
"Sharp LC 60LE745U - 60' Class ( 60.03' viewable ) 3D LED TV","Yes","1080p (FullHD)","60 in","May. 22, 2012"
"Sharp LC-70LE745U","Active 3D","1080p","70 in","May. 22, 2012"
"Sony KDL-55HX850","Active 3D","1080p","55 in","May. 18, 2012"
"Sony KDL-46HX850","Active 3D","1080p","46 in","May. 18, 2012"
"LG 55LM9600 - 55' Class ( 54.6' viewable ) 3D LED TV","Yes","1080p (FullHD)","55 in","May. 16, 2012"
"LG 55LM6700","Passive Cinema 3D with Dual Play","1080p","55 in","May. 10, 2012"
"LG 47LM6700","Passive Cinema 3D with Dual Play","1080p","47 in","May. 10, 2012"
"Panasonic TC-L55DT50","Yes","1080p","55 in","May. 1, 2012"
"Panasonic TC L47DT50 - 47' 3D LED TV","Yes","1080p (FullHD)","47 in","May. 1, 2012"
"Samsung PN64E8000","Yes","1080p","64 in","Apr. 18, 2012"
"Samsung PN60E8000","Active 3D","1080p","59 in","Apr. 18, 2012"
"Samsung PN51E8000","Active 3D","1080p","51 in","Apr. 18, 2012"
"Sony Internet TV KDL-46HX750 - 46' 3D LED TV","Yes","1080p (FullHD)","46 in","Mar. 29, 2012"
"Sony KDL-55HX750","Active 3D","1080p","55 in","Mar. 29, 2012"
"Panasonic TC P65ST50 - 65' Class ( 64.7' viewable ) 3D plasma TV","Yes","1080p (FullHD)","65 in","Mar. 28, 2012"
"Panasonic TC-P50ST50","Yes","1080p (FullHD)","50 in","Mar. 28, 2012"
"Panasonic TC P65ST50 - 65' Class ( 64.7' viewable ) 3D plasma TV","Yes","1080p (FullHD)","65 in","Mar. 28, 2012"
"Sharp LC-80LE632U","","1080p (FullHD)","80 in","Mar. 16, 2012"
"Sharp LC-52LE640U","","1080p","52 in","Mar. 13, 2012"
"VIZIO E552VLE - 55' Class ( 54.64' viewable ) LCD TV","","1080p (FullHD)","55 in","Mar. 21, 2012"
"Sharp LC-60LE640U","","1080p (FullHD)","60 in","Mar. 13, 2012"
"Sharp LC-70LE640U","","1080p","70 in","Mar. 13, 2012"
"Sharp PRO 60X5FD - 60' 3D LED TV","Yes","1080p (FullHD)","60 in","Dec. 8, 2011"
"Vizio Razor M3D550SR","Yes","1080p (FullHD)","55 in","Dec. 15, 2011"
"Sony Bravia KDL-40EX523","","1080p (FullHD)","40 in","Nov. 23, 2011"
"Sony Bravia KDL-46EX523","","1080p (FullHD)","46 in","Nov. 23, 2011"
"Sony Bravia KDL-32EX523","","1080p (FullHD)","32 in","Nov. 23, 2011"
"Samsung LN46D550 - 46' Class ( 45.9' viewable ) LCD TV","","1080p (FullHD)","46 in","Nov. 16, 2011"
"Samsung LN32D550 - 32' Class ( 31.5' viewable ) LCD TV","","1080p (FullHD)","32 in","Nov. 16, 2011"
"Samsung LN37D550","","1080p (FullHD)","37 in","Nov. 16, 2011"
"Vizio E3D470VX","Yes","1080p (FullHD)","47 in","Nov. 15, 2011"
"Samsung LN40D550 - 40' LCD TV","","1080p (FullHD)","40 in","Nov. 16, 2011"
"Vizio E3D320VX","Yes","1080p (FullHD)","32 in","Nov. 15, 2011"
"VIZIO Theater 3D E3D420VX - 42' 3D LCD TV","Yes","1080p (FullHD)","42 in","Nov. 15, 2011"
"Sony Bravia KDL-46BX420","No","1080p","46 in","Oct. 31, 2011"
"LG 42LV5500 - 42' LED TV","","1080p (FullHD)","42 in","Nov. 9, 2011"
"Sony Bravia KDL-32BX420","No","1080p","32 in","Oct. 31, 2011"
"Samsung LN40D630","","1080p (FullHD)","40 in","Oct. 25, 2011"
"Sony KDL-60NX720","Yes","1080p","60 in","Oct. 11, 2011"
"Samsung LN46D630","","1080p (FullHD)","46 in","Oct. 25, 2011"
"Sony Bravia KDL-55NX720","Yes","1080p","55 in","Oct. 11, 2011"
"Samsung PN51D7000","Yes","1080p","51 in","Oct. 11, 2011"
"Samsung PN59D7000","Yes","1080p","59 in","Oct. 11, 2011"
"Samsung PN64D7000","Yes","1080p","64 in","Oct. 11, 2011"
"LG 55LW9800 - 55' Class ( 54.6' viewable ) 3D LED TV","Yes","1080p (FullHD)","55 in","Oct. 7, 2011"
"Sharp LC 70LE732U - 70' Class ( 69.5' viewable ) LED TV","","1080p (FullHD)","70 in","Jul. 26, 2011"
"Sharp Aquos Quattron LC-70LE733U","","1080p","70 in","Jul. 26, 2011"
"Toshiba 42TL515","Yes 
Passive-3D compatible","1080p","42.0 in","Jul. 21, 2011"
"Sharp LC 70LE734U - 70' Class ( 69.5' viewable ) LED TV","","1080p (FullHD)","70 in","Jul. 26, 2011"
"Toshiba 32TL515","Yes","1080p","32 in","Jul. 21, 2011"
"Toshiba 47TL515","Yes 
Passive-3D compatible","1080p","47 in","Jul. 21, 2011"
"Philips 46PFL5706/F7","No","1080p (FullHD)","46 in","Jul. 13, 2011"
"Philips 40PFL5706/F7","","1080p (FullHD)","40 in","Jul. 13, 2011"
"Sony Bravia XBR-65HX929","Active 3D","1080p","65 in","Jul. 5, 2011"
"Sony Bravia XBR-46HX929","Active 3D","1080p","46 in","Jul. 5, 2011"
"LG 47LW5600 - 47' Class ( 46.9' viewable ) 3D LED TV","Yes","1080p (FullHD)","47 in","Jun. 19, 2011"
"Samsung PN59D8000","Yes","1080p","59 in","Jun. 8, 2011"
"Samsung PN51D8000","Yes","1080p","51 in","Jun. 8, 2011"
"Samsung PN64D8000","Yes","1080p","64 in","Jun. 8, 2011"
"Sharp Aquos Quattron LC-60LE830U","","1080p (FullHD)","60 in","May. 11, 2011"
"Sharp LC 52LE830U - 52' Class ( 52.03' viewable ) LED TV","","1080p (FullHD)","52 in","May. 12, 2011"
"Sharp LC 40LE830U - 40' LED TV","","1080p (FullHD)","40 in","May. 12, 2011"
"Panasonic TC-P65ST30","Yes","1080p","65 in","May. 4, 2011"
"Sharp LC 46LE830U - 46' LED TV","","1080p (FullHD)","46 in","May. 12, 2011"
"Panasonic TC-P60ST30","Yes","1080p","60 in","May. 4, 2011"
"Samsung UN46D8000","Yes","1080p (FullHD)","46 in","Apr. 26, 2011"
"Samsung UN65D8000 - 65' Class ( 64.5' viewable ) 3D LED TV","Yes","1080p (FullHD)","65 in","Apr. 26, 2011"
"Samsung UN55D8000","Yes","1080p","55 in","Apr. 26, 2011"
"Panasonic TC-P50GT30","Yes","1080p","50 in","Apr. 18, 2011"
"Samsung UN40D6400","Yes","1080p","40 in","Apr. 6, 2011"
"Samsung UN55D6400","Yes","1080p","55 in","Apr. 6, 2011"
"Samsung UN46D6400","Yes 
Passive-3D compatible","1080p","46 in","Apr. 6, 2011"
"Samsung UN60D6400","Yes","1080p","60 in","Apr. 6, 2011"
"Sony Bravia KDL-32EX720","Yes","1080p","32 in","Mar. 18, 2011"
"Sony Bravia KDL-55EX720","Yes","1080p","55 in","Mar. 18, 2011"
"Sony Bravia KDL-60EX720","Yes","1080p","60 in","Mar. 18, 2011"
"VIZIO Edge Lit Razor LED XVT3D650SV - 65' Class ( 64.5' viewable ) 3D LED TV","Yes","1080p (FullHD)","65 in","Feb. 15, 2011"
"Samsung LN26C350","","720p","26 in","Feb. 8, 2011"
"Samsung LN32C350","","720p","32 in","Feb. 8, 2011"
"Samsung LN22C350","","720p","22 in","Feb. 8, 2011"
"Samsung LN19C350","","720p","19 in","Feb. 8, 2011"
"Sony Internet TV NSX-46GT1 - 46' LED TV","","1080p (FullHD)","46 in","Nov. 9, 2010"
"Sony NSX-40GT1 (Google TV)","","1080p","40 in","Nov. 9, 2010"
"Sony NSX-32GT1 (Google TV)","","1080p","32 in","Nov. 9, 2010"
"Sony NSX-24GT1 (Google TV)","","1080p","24 in","Nov. 9, 2010"
"LG 47LD520","","1080p (FullHD)","47 in","Oct. 27, 2010"
"Panasonic Viera TC-P42GT25","Yes","1080p","42.0 in","Oct. 18, 2010"
"Samsung PN63C8000","Yes","1080p (FullHD)","63 in","Oct. 4, 2010"
"LG 55LD520","","1080p","55 in","Oct. 27, 2010"
"Samsung PN58C8000 - 58' 3D plasma TV","Yes","1080p (FullHD)","58 in","Oct. 5, 2010"
"Samsung PN50C8000 - 50' 3D plasma TV","Yes","1080p (FullHD)","50 in","Oct. 5, 2010"
"LG Infinia 55LX9500","","1080p","55 in","Sep. 27, 2010"
"VIZIO E420VL - 42' LCD TV","","1080p (FullHD)","42 in","Sep. 20, 2010"
"Vizio E320VL","","720p","32 in","Sep. 20, 2010"
"Vizio E550VL","","1080p","55 in","Sep. 20, 2010"
"Sony Bravia KDL-40EX500","","1080p (FullHD)","40 in","Sep. 13, 2010"
"Sony Bravia KDL-46EX500","","1080p (FullHD)","46 in","Sep. 13, 2010"
"Sony Bravia KDL-32EX500","","1080p (FullHD)","32 in","Sep. 13, 2010"
"Sony Bravia KDL-55EX500","","1080p (FullHD)","55 in","Sep. 13, 2010"
"Sony Bravia KDL-60EX500","","1080p (FullHD)","60 in","Sep. 13, 2010"
"Samsung LN46C630","","1080p (FullHD)","46 in","Sep. 1, 2010"
"Samsung LN40C630","","1080p (FullHD)","40 in","Sep. 1, 2010"
"Samsung LN55C630","","1080p (FullHD)","55 in","Sep. 1, 2010"
"VIZIO XVT423SV - 42' LED TV","","1080p (FullHD)","42 in","Aug. 23, 2010"
"Vizio XVT553SV","","1080p (FullHD)","55 in","Aug. 23, 2010"
"VIZIO TruLED XVT473SV - 47' LED TV","","1080p (FullHD)","47 in","Aug. 23, 2010"
"Vizio XVT323SV","","1080p (FullHD)","32 in","Aug. 23, 2010"
"VIZIO XVT423SV - 42' LED TV","","1080p (FullHD)","42 in","Aug. 23, 2010"
"Panasonic Viera TC-P54S2","","1080p (FullHD)","54 in","Aug. 10, 2010"
"Panasonic Viera TC-P65S2","","1080p","65 in","Aug. 10, 2010"
"Samsung UN32C6500","","1080p (FullHD)","32 in","Aug. 3, 2010"
"Panasonic Viera TC-P46S2","","1080p","46 in","Aug. 10, 2010"
"Samsung UN46C6500","","1080p (FullHD)","46 in","Aug. 3, 2010"
"Samsung UN55C6500","","1080p (FullHD)","55 in","Aug. 3, 2010"
"Samsung UN65C6500","","1080p (FullHD)","65 in","Aug. 3, 2010"
"Samsung PN63C7000 - 63' 3D plasma TV","Yes","1080p (FullHD)","63 in","Jul. 14, 2010"
"Samsung PN58C7000 - 58' 3D plasma TV","Yes","1080p (FullHD)","58 in","Jul. 14, 2010"
"Samsung PN50C7000","Yes","1080p (FullHD)","50 in","Jul. 14, 2010"
"Sony XBR 46HX909 - 46' 3D LED TV","Yes","1080p (FullHD)","46 in","Jun. 29, 2010"
"Sony XBR 52HX909 - 52' 3D LED TV","Yes","1080p (FullHD)","52 in","Jun. 29, 2010"
"Panasonic Viera TC-P50VT25","Yes","1080p","50 in","Jun. 16, 2010"
"Panasonic Viera TC-P54VT25","Yes","1080p (FullHD)","54 in","Jun. 16, 2010"
"Panasonic Viera TC-P65VT25","Yes","1080p","65 in","Jun. 16, 2010"
"Panasonic Viera TC-P58VT25","Yes","1080p","58 in","Jun. 16, 2010"
"Panasonic Viera TC-P46G25","","1080p","46 in","May. 11, 2010"
"Panasonic Viera TC-P46G25","","1080p","46 in","May. 11, 2010"
"Panasonic Viera TC-P50G25","","1080p (FullHD)","50 in","May. 11, 2010"
"Panasonic Viera TC-P54G25","","1080p","54 in","May. 11, 2010"
"LG 50PK750","","1080p","50 in","May. 4, 2010"
"LG 60PK750","","","","May. 4, 2010"
"Samsung UN55C8000","Yes","1080p (FullHD)","55 in","Apr. 7, 2010"
"Vizio SV422XVT","","1080p (FullHD)","42 in","Apr. 18, 2010"
"Samsung UN65C8000","Yes","1080p (FullHD)","65 in","Apr. 7, 2010"
"Samsung UN46C8000","Yes","1080p (FullHD)","46 in","Apr. 7, 2010"
"LG Infinia 55LE8500","","1080p (FullHD)","55 in","Mar. 28, 2010"
"LG Infinia 47LE8500","","1080p (FullHD)","47 in","Mar. 28, 2010"
"Sony Bravia KDL-46EX700","","1080p","46 in","Mar. 17, 2010"
"Sony Bravia KDL-40EX700","","","40 in","Mar. 17, 2010"
"Panasonic Viera TC-P54Z1","","1080p (FullHD)","54 in","Jan. 26, 2010"
"LG 42LH20","","720p","42 in","Nov. 29, 2009"
"Sony Bravia KDL-60EX700","","1080p (FullHD)","60 in","Mar. 17, 2010"
"Sharp LC-52LE700UN","","1080p (FullHD)","52 in","Oct. 16, 2009"
"Samsung UN46B8000","","1080p (FullHD)","46 in","Sep. 25, 2009"
"Samsung UN55B8000","","1080p (FullHD)","55 in","Sep. 25, 2009"
"Panasonic Viera TC-P50G10","","1080p (FullHD)","50 in","Sep. 16, 2009"
"Panasonic Viera TC-P46G10","","1080p (FullHD)","46 in","Sep. 16, 2009"
"Samsung PN50B860","","1080p (FullHD)","50 in","Aug. 25, 2009"
"Samsung PN50B860","","1080p (FullHD)","50 in","Aug. 25, 2009"
"Eviant T7 (black)","","","7 in","Aug. 10, 2009"
"Philips 47PFL6704D/F7","","1080p (FullHD)","47 in","Jul. 21, 2009"
"Samsung LN55B650","","1080p (FullHD)","55 in","Jun. 26, 2009"
"Sony KDL-40V5100","","1080p (FullHD)","40 in","Jun. 19, 2009"
"Panasonic Viera TC-P50V10","","1080p (FullHD)","50 in","Jun. 8, 2009"
"Samsung LN52B750","","1080p (FullHD)","52 in","May. 13, 2009"
"Samsung LN46B750","","1080p (FullHD)","46 in","May. 13, 2009"
"Samsung UN46B6000","","1080p (FullHD)","46 in","May. 1, 2009"
"Samsung UN55B6000","","1080p (FullHD)","55 in","May. 1, 2009"
"Toshiba 46XV545U","","1080p (FullHD)","46 in","Dec. 15, 2008"
"Sharp Aquos LC-52D65U","","1080p (FullHD)","52 in","Oct. 23, 2008"
"LG 37LH30","","1080p (FullHD)","37 in","Apr. 28, 2009"
"Sony Bravia KDL-40XBR6","","1080p (FullHD)","40 in","Oct. 7, 2008"
"Panasonic Viera TH-58PZ800U","","1080p (FullHD)","58 in","Oct. 2, 2008"
"Samsung LN55A950","","1080p (FullHD)","55 in","Sep. 10, 2008"
"Samsung LN40A550","","1080p (FullHD)","40 in","Aug. 8, 2008"
"Samsung LN52A550","","1080p (FullHD)","52 in","Aug. 8, 2008"
"Mitsubishi WD-65735","Yes","1080p (FullHD)","65 in","Jul. 31, 2008"
"Mitsubishi WD-60735","Yes","1080p (FullHD)","60 in","Jul. 31, 2008"
"Mitsubishi WD-73735","Yes","1080p (FullHD)","73 in","Jul. 31, 2008"
"Samsung LN37A550","","1080p (FullHD)","37 in","Aug. 8, 2008"
"Samsung LN52A750","","1080p (FullHD)","52 in","Jun. 25, 2008"
"Panasonic Viera TH-50PX80U","","720p","50 in","Apr. 29, 2008"
"Panasonic Viera TH-42PX80U","","720p","42 in","Apr. 29, 2008"
"Samsung LN52A650","","1080p (FullHD)","52 in","Apr. 28, 2008"
"Samsung LN46A650","","1080p (FullHD)","46 in","Apr. 28, 2008"
"Samsung LN40A650","","1080p (FullHD)","40 in","Apr. 28, 2008"
"Samsung LN37A450","","720p","37 in","Apr. 21, 2008"
"Samsung PN50A550","","1080p (FullHD)","50 in","Apr. 14, 2008"
"Philips 42PFL7432D","","1080p (FullHD)","42 in","Dec. 13, 2007"
"Sony KDS-60A3000","","1080p (FullHD)","60 in",""
"Samsung LN-T4671F","","1080p","46 in","Nov. 13, 2007"
"Sony Bravia KDL-40XBR4","","1080p (FullHD)","40 in","Sep. 27, 2007"
"Mitsubishi WD-57734","","1080p (FullHD)","57 in","Sep. 19, 2007"
"Panasonic Viera TH-58PZ700U","","1080p (FullHD)","58 in","Aug. 30, 2007"
"Westinghouse TX-42F430S - 42' LCD TV","","1080p (FullHD)","42 in",""
"Samsung HL-T6187S","","1080p (FullHD)","61 in","Jul. 18, 2007"
"Samsung LN-T1953H","","720p","19 in","Apr. 23, 2007"
"JVC HD-65S998","","1080p (FullHD)","65 in","Apr. 17, 2007"
"Panasonic Viera TH-42PX77U","","720p","42 in","Apr. 12, 2007"
"Sony KDS-60A2020","","1080p (FullHD)","60 in","Mar. 7, 2007"
"Sony KDS-50A2020","","1080p (FullHD)","50 in","Mar. 7, 2007"
"Sony KDS-55A2020","","1080p (FullHD)","55 in","Mar. 7, 2007"
"Hannspree JT01-32U1-000G","","720p","32 in","Feb. 9, 2007"
"JVC HD-61FN97","","1080p (FullHD)","61 in","Nov. 14, 2006"
"Sony KDS-R70XBR2","","1080p (FullHD)","70 in","Nov. 12, 2006"
"Sony KDS-R60XBR2","","1080p (FullHD)","60 in","Nov. 12, 2006"
"Sony KDS-55A2000","","1080p (FullHD)","55 in","Aug. 3, 2006"
"Sony KDS-50A2000","","1080p (FullHD)","50 in","Aug. 3, 2006"
"JVC HD-56G887","","720p","56 in","Jul. 6, 2006"
"Samsung HL-S5087W","","1080p (FullHD)","50 in","Jun. 29, 2006"
"JVC HD-56FH96","","1080p (FullHD)","56 in","Feb. 27, 2006"
"HP MD6580n","","1080p (FullHD)","65 in","Nov. 27, 2005"
"Mitsubishi WD-62628","","1080p (FullHD)","62 in","Nov. 21, 2005"
"Samsung HL-R5668W","","1080p (FullHD)","56 in","Nov. 21, 2005"
"Panasonic TH-42PX50U","","720p","42 in","Aug. 17, 2005"
"Sony KDF-E42A10","","720p","42 in","Jul. 29, 2005"
"Panasonic PT-61LCX65","","720p","61 in","Oct. 24, 2005"
"Sony MFM-HT75W","","","17 in","Jun. 26, 2005"
"Hitachi 50VS810","","720p","50 in","Dec. 19, 2004"
"RCA HD61THW263","","720p","61 in","Dec. 10, 2004"
"Samsung HL-P5685W - 56' rear projection TV","","720p","56 in","Dec. 7, 2004"
"Sony KDF-50WE655","","","50 in","Oct. 18, 2004"
"JVC HD-61Z575","","720p","61 in","Sep. 20, 2004"
"Dell W2600 26' LCD TV (2-yr CompleteCare)","","720p","26 in","Oct. 10, 2004"
"Vizio RP56","","720p","56 in","Jul. 29, 2004"
"Sony KDF-70XBR950","","720p","70 in","Jun. 16, 2004"
"Samsung LTN325W","","720p","32 in","Feb. 26, 2004"
"Dell W1700 17-inch LCD TV with 3-year CompleteCare Service","","","17 in","Dec. 16, 2003"
"Sony XBR Grand WEGA KF-50XBR800","","720p","50 in","Dec. 3, 2002"
"Gateway DLP56TV","","720p","56 in","Feb. 3, 2004"
"Sony KF-60XBR800","","720p","60 in","Dec. 3, 2002"
"Hisense 50K316DW","Yes","1080p","50 in",""
"Samsung UN60H7150","","1080p","60 in",""
"Tivax HiRez9","","","",""
"Samsung UN65HU9000","","4K (2160p)","65 in",""
"LG 55LN5100","No","1080p","55 in",""
"Samsung UN110S9","","4K (2160p)","110 in",""
"LG 55LN5400","","1080p","55 in",""
"LG 65UB9800","Passive 3D","4K (2160p)","65 in",""
"LG 60PN5700","","1080p","60 in",""
"Disney HS1500LT (High School Musical)","","","15 in",""
"LG 60LN5600","","1080p","60 in",""
"Sony 4K OLED TV","","","",""
"Emerson LC320EMXF","","","32 in",""
"Sony KDL-65W850A","Active 3D","","65 in",""
"LG 55LB6300","","1080p","55 in",""
"Sharp AQUOS Quattron Plus UQ series","","","",""
"RCA DMT270R","","","7.0 in",""
"Westinghouse EW37S5KW","No","720p","37 in",""
"LG 55LB6500","Passive 3D","1080p","55 in",""
"LG 55LN5710","","1080p","55 in",""
"LG 79UB9800","Passive 3D","4K (2160p)","79 in",""
"Toshiba 65L9400","","4K (2160p)","65 in",""
"Emerson LC220EM2","","","",""
"Toshiba 55L7400","","1080p","55 in",""
"LG 60PN6500","","1080p","60 in",""
"LG 55EA8800","","","55 in",""
"Samsung UN78HU9000","","","",""
"Sansui SLEDVD197","","720p","19 in",""
"Sharp LB-T422U - 42' LED TV","","1080p (FullHD)","42 in",""
"Sceptre E325BV-HDC","","720p","32 in",""
"LG 47LB6500","Passive 3D","1080p","47 in",""
"Samsung KN55F9500 Real OLED TV","","","55 in",""
"Sharp Aquos Quattron LC-70LE845U","Yes","1080p","70 in",""
"Haier HLT71","","","7 in",""
"Samsung UN32EH5000","","1080p (FullHD)","32 in",""
"Sony Bravia KDL-55W955","Yes","","",""
"Samsung UN55D6003","","","55 in",""
"LG 65LA9700","Passive 3D","4K UHDTV (2160p)","65 in",""
"LG 55LN5600","","1080p","55 in",""
"Samsung UN65HU8700","","4K (2160p)","65 in",""
"LG 50PN6500","","1080p","50 in",""
"Sharp LC 60LE600U - 60' Class ( 60.03' viewable ) LED TV","","1080p (FullHD)","60 in",""
"LG 47LB6500","Passive 3D","1080p","47 in",""
"Sharp Aquos Quattron LC-70LE845U","Yes","1080p","70 in",""
"Panasonic TC-L50ET60","Yes","1080p","50 in",""
"Samsung HP-R4272","","720p","42 in",""
"Mitsubishi WD-82837","","1080p (FullHD)","82 in",""
"LG Infinia 47LX6500","Yes","1080p (FullHD)","47 in",""
"Samsung HG40NA577","","1080p (FullHD)","40 in",""
"Samsung LN26D450 - 26' LCD TV","","720p","26 in",""
"Toshiba 55G310U - 55' Class ( 54.6' viewable ) LCD TV","","1080p (FullHD)","55 in",""
"Haier HL40XP1","","1080p (FullHD)","40 in",""
"Samsung UN32H6350 - 32' Class ( 31.5' viewable ) LED TV","","1080p (FullHD)","32 in",""
"LG 47LP645H - 47' Pro:Idiom LED TV","","1080p (FullHD)","47 in",""
"RCA LED52B45RQ","","1080p (FullHD)","52 in",""
"LG 60PN5300","","1080p","60 in",""
"VIZIO Theater 3D M3D470KDE - 47' Class ( 46.96' viewable ) 3D LED TV","Yes","1080p (FullHD)","47 in",""
"Sansui SLEDVD197","","720p","19 in",""
"Sceptre E325BV-HDC","","720p","32 in",""
"LG 24LN4510","","720p","24 in",""
"LG 26LQ630H - 26' Pro:Idiom LED TV","","720p","26 in",""
"RCA Commercial J22CE820 - 22' Class ( 21.6' viewable ) LED TV","","720p","22 in",""
"Naxa NTD-1354 - 13.3' LED TV","","","13.3 in",""
"LG 42LM3400","Passive 3D","1080p","42 in",""
"LG 50PN4500","","720p","50 in",""
"Envizen HR-701 Home Roam TV","","","7.0 in",""
"Sony KDL-55W950B","","1080p","55 in",""
"Naxa NT-2207 - 22' LED TV","","1080p (FullHD)","22 in",""
"Samsung HL-S6188W","","1080p (FullHD)","61 in",""
"Philips 32PFL4908 - 32' Class ( 31.5' viewable ) LED TV","","720p","32 in",""
"NEC MultiSync P402-AVT","","1080p (FullHD)","40 in",""
"Samsung UN55ES7100","Active 3D","1080p","55 in",""
"Sony XBR-84X900","Passive 3D","1080p","84 in",""
"Samsung UN32EH5300","No","1080p","32 in",""
"Samsung UN55ES6600 - 55' Class ( 54.6' viewable ) 3D LED TV","Yes","1080p (FullHD)","55 in",""
"Sharp LC 80LE633U - 80' LED TV","","1080p (FullHD)","80 in",""
"Kenwood LZ-700W","","","7 in",""
"Samsung MD32B - 32' LED-backlit LCD flat panel display","","1080p (FullHD)","32 in",""
"Sony Bravia KDL-46HX800","Yes","1080p","",""
"LG 50LN5200","No","1080p","50 in",""
"Panasonic TC-L50EM60","","1080p (FullHD)","50 in",""
"Sharp Aquos Quattron LC-52LE835U","Yes","1080p (FullHD)","52 in",""
"Haier HLTC15DC w/built-in DVD player","","720p","15.6 in",""
"LG 105UC9","","","",""
"Toshiba 58L5400","","1080p","58 in",""
"Sceptre X320BV-ECO","No","1080p","32 in",""
"GPX TDE3253B - 32' LED TV","","720p","32 in",""
"LG 60LB7100","","","60 in",""
"Sharp LC-60LE550U","","1080p (FullHD)","60 in",""
"Samsung UN55H6350 - 55' LED TV","","1080p (FullHD)","55 in",""
"Polaroid 32GSD3000 - 32' Class ( 31.5' viewable ) LED TV","","720p","32 in",""
"Westinghouse DW39F1Y1 - 39' Class ( 38.5' viewable ) LED TV","","1080p (FullHD)","39 in",""
"Sharp LC 60TQ15U - 60' 3D LED TV","Yes","1080p (FullHD)","60 in",""
"Sharp LC-32SB23U","","720p","32 in",""
"Supersonic SC-1912 - 19' LED TV","","720p","19 in",""
"Sharp LC-60E77UN","","1080p (FullHD)","60 in",""
"Haier LE32F2220 - 32' Class ( 31.5' viewable ) LED TV","","720p","32 in",""
"LG 42LQ640H - 42' Pro:Idiom LED TV","","1080p (FullHD)","42 in",""
"Sharp Aquos LC-70C8470U","Active 3D","1080p","70 in",""
"Haier HL37B","","720p","37 in",""
"Sansui SLED3200","","720p","32 in",""
"Samsung HG26NA470","","720p","26 in",""
"Vizio M650VSE","","1080p","65 in",""
"Sansui SLED3228 - 32' Class ( 31.5' viewable ) LED TV","","720p","32 in",""
"Toshiba 32L1350UC - 32' LED TV","","720p","32 in",""
"Samsung UN65H6350 - 65' Class ( 64.5' viewable ) LED TV","","1080p (FullHD)","65 in",""
"Sharp LC 32LE451U - 32' Class ( 31.5' viewable ) LED TV","","720p","32 in",""
"Philips 32PFL4508","","720p","32 in",""
"Sharp LC 60C6500U - 60' LED TV","","1080p (FullHD)","60 in",""
"LG 39LN5700","","1080p (FullHD)","39 in",""
"Sony XBR-79X900B - 79' Class ( 78.6 viewable ) 3D LED TV","Yes","4K UHDTV (2160p)","79 in",""
"Element ELCFW329 - 32' Class ( 31.5' viewable ) LCD TV","","720p","32 in",""
"Toshiba 40L2200U - 40' LED TV","","1080p (FullHD)","40 in",""
"LG 29LN4510","","720p","29 in",""
"Seiki SE222FS - 22' Class ( 21.6' viewable ) LED TV","","720p","22 in",""
"VIZIO E-series E221-A1 - 22' Class ( 21.53' viewable ) LED TV","","1080p (FullHD)","22 in",""
"Samsung PN58C6400","","1080p (FullHD)","58 in",""
"Samsung PN60E530 - 60' Class ( 59.9' viewable ) plasma TV","","1080p (FullHD)","60 in",""
"Sony KDF-60XS955","","","60 in",""
"Samsung HP-T5054","","720p","50 in",""
"JVC HD-61Z585","","720p","61 in",""
"Sony KDF-55XS955","","","55 in",""
"Hitachi 50V720","","720p","50 in",""
"Samsung UN85S9AF","Active 3D","4K (2160p)","85 in",""
"Philips Magnavox 19MD301B - 19' LCD TV","","720p","19 in",""
"Samsung UN55ES7150F","Active 3D","1080p","55 in",""
"Seiki SE46FY10 - 46' LED TV","","1080p (FullHD)","46 in",""
"Sansui SLED3900 - 39' Class ( 38.57' viewable ) LED TV","","1080p (FullHD)","39 in",""
"Samsung UN40FH6030 - 40' 3D LED TV","Yes","1080p (FullHD)","40 in",""
"Philips 50PFL3908 - 50' Class ( 49.5' viewable ) LED TV","","1080p (FullHD)","50 in",""
"Sony KDL-46R453A","","1080p","46 in",""
"Hannspree HANNS football (ST28HMUB)","","1080p (FullHD)","28 in",""
"JVC HD56G786 56 Inch Rear Projection D-ILA HDTV","","720p","56 in",""
"Naxa NTD-1952 - 19' LED TV","","720p","19 in",""
"Vizio E470i-A0","","1080p (FullHD)","47 in",""
"Seiki SC501TS","","1080p","50 in",""
"Samsung UN46ES7100","Active 3D","1080p","46 in",""
"LG 55LA7400","Yes","1080p","55 in",""
"Toshiba 40L1400U - 40' LED TV","","1080p (FullHD)","40 in",""
"Samsung PN58C550","","1080p (FullHD)","58 in",""
"Sceptre E243WV-FHD","","1080p (FullHD)","23 in",""
"Samsung HG55NC690EF - 55' Pro:Idiom LED TV","","1080p (FullHD)","55 in",""
"LG 50LN5700 - 50' Class ( 49.5' viewable ) LED TV","","1080p (FullHD)","50 in",""
"Panasonic TC L47WT60 - 47' Class ( 46.9' viewable ) 3D LED TV","Yes","1080p (FullHD)","47 in",""
"Chi Mei DTC-37MK","","720p","37 in",""
"Sharp LC 60LE920UN - 60' LED TV","","1080p (FullHD)","60 in",""
"ViewSonic VT2756-L - 27' LED TV","","1080p (FullHD)","27 in",""
"LG 60LN6150","","1080p (FullHD)","60 in",""
"Sony Bravia KDL-55EX620","","1080p","60 in",""
"VIZIO E280i-B1 - 28' Class ( 27.51' viewable ) LED TV","","720p","28 in",""
"Mitsubishi WD-73733","","1080p (FullHD)","73 in",""
"Toshiba 40L2400U - 40' LED TV","","1080p (FullHD)","40 in",""
"Samsung UN55D6500 - 55' Class ( 54.6' viewable ) 3D LED TV","Yes","1080p (FullHD)","55 in",""
"Seiki SE50FY10 - 50' Class ( 49.5' viewable ) LED TV","","1080p (FullHD)","50 in",""
"Philips Magnavox 39ME413V - 39' Class ( 38.6' viewable ) LED TV","","1080p (FullHD)","39 in",""
"Samsung PN51D530 - 51' plasma TV","","1080p (FullHD)","51 in",""
"Hitachi LE48W806","Yes","1080p (FullHD)","48 in",""
"GPX TDE2282B - 21.5' LED TV","","1080p (FullHD)","21.5 in",""
"Toshiba TD-Z471 - 47' LED-backlit LCD flat panel display","","1080p (FullHD)","47 in",""
"Haier HL42XD2","","1080p (FullHD)","42 in",""
"RCA LED24B45RQ","","1080p (FullHD)","24 in",""
"LG 47LA6900","Passive 3D","1080p (FullHD)","47 in",""
"COBY LEDTV4626 - 46' LED TV","","1080p (FullHD)","46 in",""
"Samsung UN46ES7500","Active 3D","1080p","46 in",""
"Samsung UN55D7000","Yes","1080p","55 in",""
"NEC MultiSync P463-AVT - 46' LED TV","","1080p (FullHD)","46 in",""
"NEC MultiSync X551S-AVT","","1080p (FullHD)","55 in",""
"Philips 40PFL4707","","1080p (FullHD)","40 in",""
"Philips 46PFL3708 - 46' LED TV","","1080p (FullHD)","46 in",""
"Westinghouse LD-3260 - 32' Class ( 31.5' viewable ) LED TV","","720p","32 in",""
"Samsung UN40D6500 - 40' 3D LED TV","Yes","1080p (FullHD)","40 in",""
"Sony KDL-40W600B - 40' LED TV","","1080p (FullHD)","40 in",""
"Westinghouse VR-6025Z","","1080p (FullHD)","60 in",""
"ProScan PLED2243A","","1080p (FullHD)","22 in",""
"Toshiba 65L7300U","","1080p (FullHD)","65 in",""
"Sharp Aquos LC-65SE94U","","1080p (FullHD)","65 in",""
"Toshiba 50L1400U - 50' Class ( 49.5' viewable ) LED TV","","1080p (FullHD)","50 in",""
"Toshiba 50L2400U - 50' Class ( 49.5' viewable ) LED TV","","1080p (FullHD)","50 in",""
"Westinghouse UW32S3PW","","720p","32 in",""
"LG 55LA8600 - 55' Class ( 54.6' viewable ) 3D LED TV","Yes","1080p (FullHD)","55 in",""
"Coby LEDTV3916","","1080p (FullHD)","39 in",""
"NEC MultiSync V551-AVT","","1080p (FullHD)","55 in",""
"TCL LE32HDF3010 - 32' Class ( 31.5' viewable ) LED TV","","720p","32 in",""
"LG 60LS5750 - 60' Class ( 59.8' viewable ) LED TV","","1080p (FullHD)","60 in",""
"Azend Envizen Digital Home Roam TV - 7' LCD TV","","","7 in",""
"Sharp LC 60LE832U - 60' Class ( 60.03' viewable ) LED TV","","1080p (FullHD)","60 in",""
"Toshiba 39L4300UC - 39' LED TV","","1080p (FullHD)","39 in",""
"Panasonic TC-P50X60","","720p","50 in",""
"Hitachi L19D103","","720p","19 in",""
"Envizen Digital Duo Box Pro ED8850B","","","7 in",""
"Vizio E420VA","","1080p (FullHD)","42 in",""
"RCA LED40C45RQ - 40' LED TV","","1080p (FullHD)","40 in",""
"Samsung MD46B - 46' LED TV","","1080p (FullHD)","46 in",""
"Samsung KN55S9C","Active 3D","1080p","55 in",""
"Philips 32PFL5708 - 32' Class ( 31.5' viewable ) LED TV","","1080p (FullHD)","32 in",""
"Vizio E420VO","No","1080p (FullHD)","42.0 in",""
"Sony Bravia KDL-65HX729","Active 3D","1080p","65 in",""
"Haier L24B2120","","720p","24 in",""
"Sansui SLED2900 - 29' Class ( 28.5' viewable ) LED TV","","720p","29 in",""
"VIZIO E470VLE - 47' LCD TV","","1080p (FullHD)","47 in",""
"PROSCAN PLDED5030A-RK - 50' LED TV","","1080p (FullHD)","50 in",""
"LG 47LB6300 - 47' Class ( 46.9' viewable ) LED TV","","1080p (FullHD)","47 in",""
"Hannspree HANNS basketball (ST285MUB)","","1080p (FullHD)","28 in",""
"Azend Envizen Digital Home Roam TV - 7' LCD TV","","","7 in",""
"Toshiba 39L4300UC - 39' LED TV","","1080p (FullHD)","39 in",""
"Panasonic TC-P50X60","","720p","50 in",""
"Panasonic TC-L50EM5","","1080p","50 in",""
"Sceptre X320BV-HD","","720p","32 in",""
"Toshiba 55L7400U - 55' Class ( 54.6' viewable ) LED TV","","1080p (FullHD)","55 in",""
"LG 47LG50","","1080p (FullHD)","47 in",""
"Toshiba 50L4300U","","1080p (FullHD)","50 in",""
"Sharp LC 60LE857U - 60' 3D LED TV","Yes","1080p (FullHD)","60 in",""
"Samsung UN46F6300 - 46' Class ( 45.9' viewable ) LED TV","","1080p (FullHD)","46 in",""
"NEC MultiSync V801-AVT","","1080p (FullHD)","80 in",""
"Samsung HG46NA570 - 46' LED TV","","1080p (FullHD)","46 in",""
"Samsung LN52B550 - 52' LCD TV","","1080p (FullHD)","52 in",""
"Vizio E291-A1","","720p","29 in",""
"Sansui SLED4215 - 42' LED TV","","1080p (FullHD)","42 in",""
"LG 60PM6700","Active 3D compatible","1080p","60 in",""
"JVC HD-56FH97","","1080p (FullHD)","56 in",""
"LG 55LH85","","1080p (FullHD)","55 in",""
"Haier LE46B1381","","1080p (FullHD)","46 in",""
"Samsung SyncMaster ME46B","","1080p (FullHD)","46 in",""
"COBY LEDTV2326 - 23' LED TV","","1080p (FullHD)","23 in",""
"Samsung PN60F5300","","1080p","60 in",""
"Audiovox VE VE727 - 7' LCD TV","","","7 in",""
"Samsung UN55H7150 - 55' Class ( 54.6' viewable ) 3D LED TV","Yes","1080p (FullHD)","55 in",""
"LG 50PB6600 - 50' Class ( 49.9' viewable ) plasma TV","","1080p (FullHD)","50 in",""
"LG 55LN5790 - 55' Class ( 54.6' viewable ) LED TV","","1080p (FullHD)","55 in",""
"Samsung UN46EH6070 and 3D Blu-ray Disc Player (bundle)","Yes","1080p","46 in",""
"LG 55LN541C - 55' Class ( 54.6' viewable ) LED TV","","1080p (FullHD)","55 in",""
"LG 47LG90","","1080p (FullHD)","47 in",""
"Samsung LC-60LE755U","Active 3D","1080p","60 in",""
"Samsung UN48H6350 - 48' Class ( 47.6' viewable ) LED TV","","1080p (FullHD)","48 in",""
"Samsung UN39FH5000F","","1080p","39 in",""
"Samsung PN63B550","","1080p (FullHD)","63 in",""
"Samsung UN46D6500 - 46' Class ( 45.9' viewable ) 3D LED TV","Yes","1080p (FullHD)","46 in",""
"Samsung UN40EH5300","","1080p (FullHD)","40 in",""
"ViewSonic VT3200-L - 32' LED-backlit LCD flat panel display","","1080p (FullHD)","32 in",""
"Samsung UN40ES6150F","","1080p","40 in",""
"LG 37LD450","","1080p (FullHD)","37 in",""
"Samsung UN46F6350 - 46' Class ( 45.9' viewable ) LED TV","","1080p (FullHD)","46 in",""
"Sharp LC 52LE820UN - 52' LED TV","","1080p (FullHD)","52 in",""
"Samsung HL-S5088W","","1080p (FullHD)","50 in",""
"Samsung ME46C - 46' Class ( 45.9' viewable ) LED-backlit LCD flat panel display","","1080p (FullHD)","46 in",""
"Samsung HG46NB677FF - 46' Pro:Idiom LED TV","","1080p (FullHD)","46 in",""
"Samsung UN50HU8550","Yes","4K UHDTV (2160p)","50 in",""
"LG 49UB8500 - 49' Class ( 48.5 viewable ) 3D LED TV","Yes","4K UHDTV (2160p)","49 in",""
"LG 50PB560B - 50' Class ( 49.9' viewable ) plasma TV","","720p","50 in",""
"Sony KDL-32EX340","","720p","32 in",""
"Sharp LC 80LE857U - 80' 3D LED TV","Yes","1080p (FullHD)","80 in",""
"Sharp LC-46LE540U","","1080p","46 in",""
"LG 37LV5500 - 37' LED TV","","1080p (FullHD)","37 in",""
"Samsung PE55C - 55' LED TV","","1080p (FullHD)","55 in",""
"LG 42LT560E - 42' LED TV","","1080p (FullHD)","42 in",""
"VIZIO E-series E241i-A1W - 24' Class ( 23.54' viewable ) LED TV","","1080p (FullHD)","24 in",""
"Samsung MD40B - 40' LED TV","","1080p (FullHD)","40 in",""
"Panasonic TC-P65ST60","Active 3D","1080p","65 in","Apr. 12, 2013"
"Panasonic TC-L47E5","","1080p (FullHD)","47 in",""
"Samsung UN55F6350 - 55' Class ( 54.6' viewable ) LED TV","","1080p (FullHD)","55 in",""
"Toshiba 40E210","","1080p","40 in",""
"Samsung PN50C8000 - 50' 3D plasma TV","Yes","1080p (FullHD)","50 in",""
"Sony KDF-E60A20","","","60 in",""
"Vizio E470VA","","1080p (FullHD)","47 in",""
"LG 47LV4400","No","1080p","47 in",""
"Philips Magnavox 19MF330B - 19' LCD TV","","720p","19 in",""
"NEC MultiSync P403-AVT - 40' LED TV","","1080p (FullHD)","40 in",""
"Toshiba TD-Z551 - 55' LED-backlit LCD flat panel display","","1080p (FullHD)","55 in",""
"Insignia NS-28E200NA14 - 28' Class ( 27.5' viewable ) LED TV","","720p","28 in",""
"Samsung UN55EH6070 and 3D Blu-ray Disc Player (bundle)","Yes","1080p","55 in",""
"Sansui SLED3900 - 39' Class ( 38.57' viewable ) LED TV","","1080p (FullHD)","39 in",""
"Seiki SE22FR01 - 22' Class ( 21.5' viewable ) LED TV","","1080p (FullHD)","22 in",""
"Sony XBR-79X900B - 79' Class ( 78.6 viewable ) 3D LED TV","Yes","4K UHDTV (2160p)","79 in",""
"Panasonic TH 37LRU50 - 37' Pro:Idiom LCD TV","","1080p (FullHD)","37 in",""
"LG 39LN5700","","1080p (FullHD)","39 in",""
"Sceptre E420BV-F120 - 42' LED TV","","1080p (FullHD)","42 in",""
"Samsung UN22D5003","","1080p (FullHD)","22 in",""
"Coby LEDTV1926","","1080p (FullHD)","18.5 in",""
"Sony KDL-55HX729 - 55' Class ( 54.6' viewable ) 3D LED TV","Yes","1080p (FullHD)","55 in",""
"RCA Commercial Lite J32BE220 - 32' LED TV","","720p","32 in",""
"RCA LED32G30RQD - 32' Class ( 31.5' viewable ) LED TV","","720p","32 in",""
"Samsung HG32NA478","","720p","32 in",""
"LG 65LW6500 - 65' Class ( 64.7' viewable ) 3D LED TV","Yes","1080p (FullHD)","65 in",""
"NEC MultiSync V463-AVT","","1080p (FullHD)","46 in",""
"Sharp LC 32LB150U - 32' Class ( 31.5' viewable ) LED TV","No","1080p","32 in",""
"LG 32LP620H - 32' Class ( 31.6' viewable ) Pro:Idiom LED TV","","720p","32 in",""
"Samsung UN32EH4050 - 32' Class ( 31.5' viewable ) LED TV","","720p","32 in",""
"Philips 40PFL5708 - 40' LED TV","","1080p (FullHD)","40 in",""
"Sharp LC 60EQ10U - 60' LED TV","","1080p (FullHD)","60 in",""
"Samsung UN40ES6003","","1080p (FullHD)","40 in",""
"Philips Magnavox 39ME313V - 39' Class ( 38.6' viewable ) LED TV","","1080p (FullHD)","39 in",""
"Sansui SLEDVD249 - 24' Class ( 23.6' viewable ) LED TV","","720p","24 in",""
"Sceptre X505BV-FMDR - 50' Class ( 49.5' viewable ) LED TV","","1080p (FullHD)","50 in",""
"SunBriteTV 3220HD (white)","","720p","32 in",""
"Toshiba 58L1350U - 58' Class ( 57.5' viewable ) LED TV","","1080p (FullHD)","58 in",""
"Seiki SE65JY25 - 65' Class ( 64.5' viewable ) LED TV","","1080p (FullHD)","65 in",""
"Sony KDL-60W630B","","1080p","60 in",""
"Sony KDL-70R520A","","1080p","70 in",""
"Samsung DE55C - 55' LED TV","","1080p (FullHD)","55 in",""
"SunBriteTV Pro Series 5515HD - 55' LED TV","","1080p (FullHD)","55 in",""
"Samsung DE46C - 46' LED TV","","1080p (FullHD)","46 in",""
"Vizio E420d-A0","Yes","1080p","42 in",""
"Sausui SLED2280","No","","22 in",""
"LG 55LK530","","1080p","55 in",""
"Sceptre X409BV-FHDR - 39' LED TV","","1080p (FullHD)","39 in",""
"RCA LED24B45RQD - 24' LED TV","","1080p (FullHD)","24 in",""
"Panasonic TC-P50S64","","1080p","50 in",""
"Panasonic TX-L65WT600","","","65 in",""
"Toshiba 32SL415U","","720p","32 in",""
"Samsung PN63C550","","1080p (FullHD)","63 in",""
"LG 47LN5790 - 47' Class ( 46.9' viewable ) LED TV","","1080p (FullHD)","47 in",""
"LG 37LH200C","","720p","37 in",""
"Seiki SE391TS","","1080p","39 in",""
"Panasonic TH 50LRU60 - 50' Class ( 49.5' viewable ) Pro:Idiom LED TV","","1080p (FullHD)","50 in",""
"RCA LED24C45RQD","","1080p (FullHD)","24 in",""
"Westinghouse VR-2218 - 22' Class ( 21.6' viewable ) LCD TV","","720p","22 in",""
"Samsung UN55H8000 - 55' Class ( 54.6' viewable ) 3D LED TV","Yes","1080p (FullHD)","55 in",""
"Toshiba 50L4300UC - 50' LED TV","","1080p (FullHD)","50 in",""
"RCA LED42C45RQD","","1080p (FullHD)","42 in",""
"Samsung UN46F5500","","1080p (FullHD)","46 in",""
"Toshiba 58L7300U","","1080p (FullHD)","58 in",""
"Toshiba 32L1400UC - 32' LED TV","","720p","32 in",""
"Sharp LC 60LE750U - 60' LED TV","","1080p (FullHD)","60 in",""
"Samsung UN19F4000","","720p","19 in",""
"Seiki SE40FY27 - 40' LED TV","","1080p (FullHD)","40 in",""
"GPX TE1982B","","720p","19 in",""
"Panasonic TH-32LRU30 (commercial display)","","720p","32 in",""
"LG 55LV4400","No","1080p","55 in",""
"Toshiba 40L1400U - 40' LED TV","","1080p (FullHD)","40 in",""
"Samsung HG40NB690QF","","1080p (FullHD)","40 in",""
"Samsung UN55D6300","","1080p (FullHD)","55 in",""
"Magnavox 26MF321B","","720p","26 in",""
"LG 37LT670H - 37' Class ( 36.6' viewable ) Pro:Idiom LED TV","","1080p (FullHD)","37 in",""
"ProScan PLEDV2488A","","1080p (FullHD)","24 in",""
"Coby LEDTV5536","","1080p (FullHD)","55 in",""
"Sharp LC-50LE442U","","1080p","50 in",""
"VIZIO Class Full-Array LED TV E280-B1 - 28' Class ( 27.51' viewable ) LED TV","","720p","28 in",""
"Samsung PN42A450","","720p","42 in",""
"Samsung UN55D7900","Yes","1080p (FullHD)","55 in",""
"Element ELEFW401A - 40' LED TV","","1080p (FullHD)","40 in",""
"ViewSonic VT3200-L - 32' LED-backlit LCD flat panel display","","1080p (FullHD)","32 in",""
"Samsung UN40ES6150F","","1080p","40 in",""
"Haier LE32B13200","","720p","32 in",""
"Sony XBR-65X950B","Yes","4K (2160p)","65 in",""
"Samsung HG40NB670FF - 40' LED TV","","1080p (FullHD)","40 in",""
"Sharp LC 65LE643U - 65' Class ( 64.5' viewable ) LED TV","","1080p (FullHD)","65 in",""
"Philips 46PFL3608 - 46' LED TV","","1080p (FullHD)","46 in",""
"Sony KDL-32W650A","","1080p (FullHD)","32 in",""
"Vizio XVT3D474SV","Yes","1080p (FullHD)","47 in",""
"Magnavox 32MD301B/F7","","720p","32 in",""
"JVC SP55M-C - 55' Class ( 54.6' viewable ) LED TV","","1080p (FullHD)","55 in",""
"Samsung UN55ES6580","Yes","1080p (FullHD)","55 in",""
"TCL LE55FHDF3310 - 55' Class ( 54.6' viewable ) LED TV","","1080p (FullHD)","55 in",""
"Westinghouse LD-2480","No","1080p","24 in",""
"Panasonic TC-L55WT60","Active 3D","1080p","55 in",""
"Toshiba 40L1400UC - 40' LED TV","","1080p (FullHD)","40 in",""
"Samsung UN50F5500","","1080p (FullHD)","50 in",""
"Samsung UN46F6350 - 46' Class ( 45.9' viewable ) LED TV","","1080p (FullHD)","46 in",""
"Dell W3000 / 30-inch / 16:9 / 1280 x 768 / HDTV / Refurbished LCD TV","","","",""
"Bang & Olufsen BeoVision Avant","","","",""
"Polaroid 24GSD3000 - 24' Class ( 23.6' viewable ) LED TV","","1080p (FullHD)","24 in",""
"Toshiba Cinema 46UL610U","Yes 
Dynamic 3D","1080p","46 in",""
"Polaroid TLAC-03212","No","720p","32 in",""
"Philips 24PFL4508 - 24' Class ( 23.6' viewable ) LED TV","","720p","24 in",""
"Pyle PLVW19IW","","","19 in",""
"Samsung UN46EH5300","","1080p (FullHD)","46 in",""
"LG 55LE5400","","1080p (FullHD)","55 in",""
"Samsung UN40ES6580","Yes","1080p (FullHD)","40 in",""
"Samsung HG48NC690DF - 48' Pro:Idiom LED TV","","1080p (FullHD)","48 in",""
"Samsung UN40H5500 - 40' LED TV","","1080p (FullHD)","40 in",""
"Sharp LC 70TQ15U - 70' 3D LED TV","Yes","1080p (FullHD)","70 in",""
"Polaroid 24GSR3000 - 24' Class ( 23.6' viewable ) LED TV","","1080p (FullHD)","24 in",""
"Toshiba TD-Z701 - 70' LED-backlit LCD flat panel display","","1080p (FullHD)","70 in",""
"NEC MultiSync P552-AVT","","1080p (FullHD)","55 in",""
"Toshiba TD-Z471 - 47' LED-backlit LCD flat panel display","","1080p (FullHD)","47 in",""
"Naxa NT-7579","","","7 in",""
"VIZIO E-series E601I-A3 - 60' Class ( 60.04' viewable ) LED TV","","1080p (FullHD)","60 in",""
"Samsung UN55F6800","Active 3D","1080p (FullHD)","55 in",""
"Samsung H32B - 32' LED-backlit LCD flat panel display","","720p","32 in",""
"Seiki SE551GS - 55' LED TV","","1080p (FullHD)","55 in",""
"Samsung UN60D7050","Yes","1080p (FullHD)","60 in",""
"Supersonic SC-3211 - 32' LED TV","","720p","32 in",""
"Supersonic SC-1311 - 13.3' LED TV","","","13.3 in",""
"LG 47LV355B - 47' Class ( 46.9' viewable ) LED TV","","1080p (FullHD)","47 in",""
"Naxa NT-1902 - 19' LED TV","","720p","19 in",""
"LG 55LM6400 - 55' Class ( 54.6' viewable ) 3D LED TV","Yes","1080p (FullHD)","55 in",""
"SunBriteTV 4610HD (black)","","1080p (FullHD)","46 in",""
"Emerson LF320EM4 - 32' Class ( 31.5' viewable ) LED TV","","720p","32 in",""
"Samsung UN46D6300","","1080p (FullHD)","46 in",""
"Magnavox 26MF321B","","720p","26 in",""
"LG 37LT670H - 37' Class ( 36.6' viewable ) Pro:Idiom LED TV","","1080p (FullHD)","37 in",""
"ViewSonic VT2430","","1080p (FullHD)","24 in",""
"Samsung UN55HU8700","","4K (2160p)","55 in",""
"Samsung UN55H8000","","1080p","55 in",""
"Samsung UN65FH6001F","No","1080p","65 in",""
"LG 50LB6500","Passive 3D","1080p","50 in",""
"Philips 50PFL3708 - 50' Class ( 49.5' viewable ) LED TV","","1080p (FullHD)","50 in",""
"Samsung ME95C - 95' LED-backlit LCD flat panel display","","1080p (FullHD)","95 in",""
"LG 22LN4500","","720p","29 in",""
"Samsung UN46EH5000","","1080p (FullHD)","46 in",""
"Samsung UN46D7000","Yes","1080p","46 in",""
"Panasonic TH 42LRU60 - 42' Class ( 41.9' viewable ) Pro:Idiom LED TV","","1080p (FullHD)","42 in",""
"LG 39LN5300","","1080p","39 in",""
"Supersonic SC-2412","","1080p (FullHD)","24 in",""
"Toshiba 32L2300U","","720p","32 in",""
"Sharp LC-32SB24U","","720p","32 in",""
"Samsung UN46F7500","Active 3D","1080p","46 in",""
"Emerson LC320EM3F - 32' Class ( 31.5' viewable ) LCD TV","","720p","32 in",""
"Hisense F39V77C - 39' Class ( 38.5' viewable ) LCD TV","","1080p (FullHD)","39 in",""
"Samsung UN40H6350 - 40' LED TV","","1080p (FullHD)","40 in",""
"Sharp LC 70SQ15U - 70' Class ( 69.5' viewable ) 3D LED TV","Yes","1080p (FullHD)","70 in",""
"Sharp LC-40LE550U","","1080p (FullHD)","40 in",""
"Seiki SC501TS","","1080p","50 in",""
"Magnavox 26MF321B","","720p","26 in",""
"LG 37LT670H - 37' Class ( 36.6' viewable ) Pro:Idiom LED TV","","1080p (FullHD)","37 in",""
"Samsung UN55D6300","","1080p (FullHD)","55 in",""
"Samsung HG40NB690QF","","1080p (FullHD)","40 in",""
"Sceptre X408BV-FHD","","1080p","40 in",""
"Toshiba 84L9300U","Active 3D","4K UHDTV (2160p)","84 in",""
"ProScan PLEDV2488A","","1080p (FullHD)","24 in",""
"Samsung UN46D6300","","1080p (FullHD)","46 in",""
"Toshiba 40L1400U - 40' LED TV","","1080p (FullHD)","40 in",""
"Coby LEDTV1526","","720p","15.6 in",""
"LG Infinia 47LX6500","Yes","1080p (FullHD)","47 in",""
"Samsung PN64E533 - 64' plasma TV","","1080p (FullHD)","64 in",""
"Seiki SE39UY04 (4K UHD)","","4K UHDTV (2160p)","39 in",""
"Vizio E321VL","","720p","32 in",""
"Samsung UN55H7150 - 55' Class ( 54.6' viewable ) 3D LED TV","Yes","1080p (FullHD)","55 in",""
"TCL LE50FHDE3010 - 50' Class ( 49.5' viewable ) LED TV","","1080p (FullHD)","50 in",""
"Audiovox VE VE727 - 7' LCD TV","","","7 in",""
"Samsung UN60H7150 - 60' 3D LED TV","Yes","1080p (FullHD)","60 in",""
"Axion AXN-8701","","","7 in",""
"Samsung UN55FH6003 - 55' Class ( 54.6' viewable ) LED TV","","1080p (FullHD)","55 in",""
"Samsung HL-P4663W","","720p","46 in",""
"NEC MultiSync P462-AVT - 46' Class ( 46' viewable ) LCD TV","","1080p (FullHD)","46 in",""
"Sharp LC 32LE551U - 32' Class ( 31.5' viewable ) LED TV","","1080p (FullHD)","32 in",""
"Samsung UN60FH6200F","","1080p","60 in",""
"SunBriteTV 4670HD - 46' LED TV","","1080p (FullHD)","46 in",""
"COBY LEDTV2326 - 23' LED TV","","1080p (FullHD)","23 in",""
"Vizio Razor E190VA","","720p","19 in",""
"Samsung UN46EH6070 and 3D Blu-ray Disc Player (bundle)","Yes","1080p","46 in",""
"Vizio Razor E220MV","","1080p","22 in",""
"Panasonic PT 50LC13 - 50' rear projection TV","","720p","50 in",""
"ViewSonic VT2756-L - 27' LED TV","","1080p (FullHD)","27 in",""
"Vizio M321i-A2","","1080p","32 in",""
"Sharp LC-70LE600U","","1080p","70 in",""
"Haier HL37S","","720p","37 in",""
"Samsung UN39EH5003","","1080p (FullHD)","39 in",""
"Samsung HG55NC690EF - 55' Pro:Idiom LED TV","","1080p (FullHD)","55 in",""
"Pyle PTC33LD w/built-in DVD player","","720p","32 in",""
"Bang & Olufsen BeoVision Avant","","","",""
"Polaroid 19GSR3000 - 19' Class ( 18.5' viewable ) LED TV","","720p","19 in",""
"Coby LEDTV5536","","1080p (FullHD)","55 in",""
"JVC DM85USR","","","",""
"JVC DM55USR","","","",""
"Samsung 105U9500","","4K (2160p)","105 in",""
"Vizio RS120","","","",""
"Sanyo DP42841","","1080p","42 in",""
"Samsung 85U9B","","","85 in",""
"Coby TFDVD2695","","720p","26 in",""
"Polaroid TLAC-03212","No","720p","32 in",""
"COBY LEDTV1956 - 19' Class ( 18.5' viewable ) LED TV","","720p","19 in",""
"Samsung UN40H5203AF - 40' LED TV","","1080p (FullHD)","40 in",""
"Panasonic TC-L32XM6","","720p","32 in",""
"LG 47LB6300","","1080p","47 in",""
"GPX TDE1384B - 13.3' LED TV","","720p","13.3 in",""
"Vizio E500d-A0","Yes","1080p (FullHD)","50 in",""
"Samsung UN50H6350 - 50' Class ( 49.5' viewable ) LED TV","","1080p (FullHD)","50 in",""
"LG 60LB6300","","1080p","60 in",""
"Sharp LC 80LE642U - 80' LED TV","","1080p (FullHD)","80 in",""
"TCL LE55FHDF3310 - 55' Class ( 54.6' viewable ) LED TV","","1080p (FullHD)","55 in",""
"Toshiba 40L2400U - 40' LED TV","","1080p (FullHD)","40 in",""
"LG 47LY340C - 47' LED-backlit LCD flat panel display","","1080p (FullHD)","47 in",""
"Panasonic TH 32LRU6 - 32' Class ( 31.5' viewable ) Pro:Idiom LED TV","","720p","32 in",""
"Sony KDL-65S990A","Yes","1080p","65 in",""
"Seiki SE50FY10 - 50' Class ( 49.5' viewable ) LED TV","","1080p (FullHD)","50 in",""
"Samsung UN55D6500 - 55' Class ( 54.6' viewable ) 3D LED TV","Yes","1080p (FullHD)","55 in",""
"GPX TDE2282B - 21.5' LED TV","","1080p (FullHD)","21.5 in",""
"Toshiba 50L1350U","","1080p (FullHD)","50 in",""
"Philips Magnavox 39ME413V - 39' Class ( 38.6' viewable ) LED TV","","1080p (FullHD)","39 in",""
"Samsung PN51D530 - 51' plasma TV","","1080p (FullHD)","51 in",""
"Sony KDL-55W800B - 55' Class ( 54.6' viewable ) 3D LED TV","Yes","1080p (FullHD)","55 in",""
"Hitachi LE48W806","Yes","1080p (FullHD)","48 in",""
"Panasonic TC-L50E60","","1080p","50 in","Aug. 30, 2013"
"Sceptre E243BV-FHD","","1080p","24 in",""
"Coby TFTV3728","","1080p (FullHD)","37 in",""
"Samsung HG55NB690QF - 55' Pro:Idiom LED TV","","1080p (FullHD)","55 in",""
"Samsung PN64F5300","","1080p","64 in",""
"Insignia NS-24E730A12","No","1080p (FullHD)","24 in",""
"Sansui HDLCDVD260","","720p","26 in",""
"LG 47LM4700 w/ Sound bar","Passive 3D","1080p","47 in",""
"Samsung UN55H8000 - 55' Class ( 54.6' viewable ) 3D LED TV","Yes","1080p (FullHD)","55 in",""
"Samsung UN46ES6100","","1080p","46 in",""
"Westinghouse VR-2218 - 22' Class ( 21.6' viewable ) LCD TV","","720p","22 in",""
"TCL LE40FHDE3010 - 40' Class ( 40' viewable ) LED TV","","1080p (FullHD)","40 in",""
"LG 37LD452B","","1080p (FullHD)","37 in",""
"Samsung UN46F5000AF","","1080p (FullHD)","46 in",""
"Samsung UN55HU9000","Yes","4K UHDTV (2160p)","55 in",""
"JVC HD-61Z786","","720p","61 in",""
"Philips 40PFL4708 - 40' LED TV","","1080p (FullHD)","40 in",""
"Westinghouse CW46T9FW - 46' LCD TV","","1080p (FullHD)","46 in",""
"ProScan PLDED3996A","","1080p (FullHD)","39 in",""
"Sharp LC 55LE643U - 55' Class ( 54.5' viewable ) LED TV","","1080p (FullHD)","55 in",""
"Samsung UN32H5203AF - 32' Class ( 31.5' viewable ) LED TV","","1080p (FullHD)","32 in",""
"VIZIO E421VA - 42' Class ( 42.02' viewable ) LCD TV","","1080p (FullHD)","42 in",""
"Sony Internet TV KDL-70R520A - 70' Class ( 69.5' viewable ) LED TV","","1080p (FullHD)","70 in",""
"Sceptre X320BV-HD","","720p","32 in",""
"Toshiba 55L7400U - 55' Class ( 54.6' viewable ) LED TV","","1080p (FullHD)","55 in",""
"Panasonic TC-L50EM5","","1080p","50 in",""
"LG 47LG50","","1080p (FullHD)","47 in",""
"Hannspree HANNS basketball (ST285MUB)","","1080p (FullHD)","28 in",""
"Azend Envizen Digital Home Roam TV - 7' LCD TV","","","7 in",""
"Toshiba 39L4300UC - 39' LED TV","","1080p (FullHD)","39 in",""
"Panasonic TC-P50X60","","720p","50 in",""
"PROSCAN PLDED5030A-RK - 50' LED TV","","1080p (FullHD)","50 in",""
"LG 47LB6300 - 47' Class ( 46.9' viewable ) LED TV","","1080p (FullHD)","47 in",""
"TCL LE39FHDF3300","","1080p","39 in",""
"Sony Bravia KDL-40EX620","","1080p","40 in",""
"Sony KDL-32EX710 - 32' LED TV","","1080p (FullHD)","32 in",""
"JVC HD-61FB97","","1080p (FullHD)","61 in",""
"Sharp LC-70UD1U","Active 3D","4K UHDTV (2160p)","70 in",""
"Samsung UN55FH6003 - 55' Class ( 54.6' viewable ) LED TV","","1080p (FullHD)","55 in",""
"Samsung UN60FH6200F","","1080p","60 in",""
"Sharp LC-50LE442U","","1080p","50 in",""
"VIZIO Class Full-Array LED TV E280-B1 - 28' Class ( 27.51' viewable ) LED TV","","720p","28 in",""
"Vizio Razor E190VA","","720p","19 in",""
"Sansui SLEDVD329 - 32' Class ( 31.51' viewable ) LED TV","","720p","32 in",""
"Supersonic SC-3210","","720p","32 in",""
"Naxa NT-2202","","1080p (FullHD)","22 in",""
"Sceptre X402BV-FHD","","1080p (FullHD)","40 in",""
"Seiki LC32G82","","1080p","32 in",""
"LG 60LS5750 - 60' Class ( 59.8' viewable ) LED TV","","1080p (FullHD)","60 in",""
"Coby LEDTV3916","","1080p (FullHD)","39 in",""
"Jensen JE2212LED - 22' LED TV","","1080p (FullHD)","22 in",""
"Sharp LC 60LE820UN - 60' LED TV","","1080p (FullHD)","60 in",""
"Proscan L46WD250 - 46' LCD TV","","720p","46 in",""
"RCA DPTM70R - 7' LED TV","","","7 in",""
"Sony KDL-40R450A - 40' LED TV","","1080p (FullHD)","40 in",""
"Hitachi L19D103","","720p","19 in",""
"Envizen Digital Duo Box Pro ED8850B","","","7 in",""
"LG 105UC9","","","",""
"Samsung UN40ES6580","Yes","1080p (FullHD)","40 in",""
"Samsung UN19D4003","","720p","19 in",""
"Samsung UN55ES6100","","1080p","55 in",""
"Sharp Aquos Quattron LC-60LE835U","Yes","1080p (FullHD)","60 in",""
"Samsung UN40ES6100","","1080p","40 in",""
"Sansui SLEDVD228 w/built-in DVD player","No","","22 in",""
"Sony XBR-79X900B","","","",""
"ViewSonic VT2430","","1080p (FullHD)","24 in",""
"Samsung UN55HU8700","","4K (2160p)","55 in",""
"Panasonic PT 50LC13 - 50' rear projection TV","","720p","50 in",""
"Magnavox 32ME402V","","720p","32 in",""
"Haier HLT71","","","7 in",""
"Samsung UN32EH5000","","1080p (FullHD)","32 in",""
"Samsung LC-60LE755U","Active 3D","1080p","60 in",""
"LG 55LN541C - 55' Class ( 54.6' viewable ) LED TV","","1080p (FullHD)","55 in",""
"Samsung LN26D450 - 26' LCD TV","","720p","26 in",""
"LG 47LG90","","1080p (FullHD)","47 in",""
"LG 60LS5750 - 60' Class ( 59.8' viewable ) LED TV","","1080p (FullHD)","60 in",""
"Sansui SLED3915 - 39' Class ( 38.57' viewable ) LED TV","","1080p (FullHD)","39 in",""
"Azend Envizen Digital Home Roam TV - 7' LCD TV","","","7 in",""
"Sharp LC 55LE643U - 55' Class ( 54.5' viewable ) LED TV","","1080p (FullHD)","55 in",""
"Haier L22B1120","","720p","22 in",""
"Toshiba 37AV502U - 37' LCD TV","","720p","37 in",""
"Sharp LC 60LE820UN - 60' LED TV","","1080p (FullHD)","60 in",""
"Hitachi L19D103","","720p","19 in",""
"Envizen Digital Duo Box Pro ED8850B","","","7 in",""
"Jensen JE2212LED - 22' LED TV","","1080p (FullHD)","22 in",""
"Sony Bravia KDL-40EX620","","1080p","40 in",""
"Sony KDL-32EX710 - 32' LED TV","","1080p (FullHD)","32 in",""
"JVC HD-61FB97","","1080p (FullHD)","61 in",""
"Sharp LC-70UD1U","Active 3D","4K UHDTV (2160p)","70 in",""
"PROSCAN PLDED5030A-RK - 50' LED TV","","1080p (FullHD)","50 in",""
"LG 47LB6300 - 47' Class ( 46.9' viewable ) LED TV","","1080p (FullHD)","47 in",""
"LG 47LG50","","1080p (FullHD)","47 in",""
"Sony Internet TV KDL-70R520A - 70' Class ( 69.5' viewable ) LED TV","","1080p (FullHD)","70 in",""
"Toshiba 55L7400U - 55' Class ( 54.6' viewable ) LED TV","","1080p (FullHD)","55 in",""
"Philips Magnavox 19MD301B - 19' LCD TV","","720p","19 in",""
"Samsung UN55ES7150F","Active 3D","1080p","55 in",""
"RCA LED24C45RQ - 24' Class ( 23.6' viewable ) LED TV","","1080p (FullHD)","24 in",""
"Philips Magnavox 32ME403V - 32' Class ( 31.5' viewable ) LED TV","","720p","32 in",""
"Panasonic TH 37LRU50 - 37' Pro:Idiom LCD TV","","1080p (FullHD)","37 in",""
"Samsung UN40FH6030 - 40' 3D LED TV","Yes","1080p (FullHD)","40 in",""
"Samsung UN22D5003","","1080p (FullHD)","22 in",""
"Sceptre E420BV-F120 - 42' LED TV","","1080p (FullHD)","42 in",""
"Coby LEDTV1926","","1080p (FullHD)","18.5 in",""
"Sony KDL-55HX729 - 55' Class ( 54.6' viewable ) 3D LED TV","Yes","1080p (FullHD)","55 in",""
"RCA Commercial Lite J32BE220 - 32' LED TV","","720p","32 in",""
"Supersonic SC-2212","","1080p (FullHD)","22 in",""
"Samsung UN60D6450","Yes","1080p (FullHD)","60 in",""
"Samsung UN85S9AF","Active 3D","4K (2160p)","85 in",""
"Seiki SE46FY10 - 46' LED TV","","1080p (FullHD)","46 in",""
"Sony KDL-46R453A","","1080p","46 in",""
"JVC HD56G786 56 Inch Rear Projection D-ILA HDTV","","720p","56 in",""
"Sharp LC 32LE451U - 32' Class ( 31.5' viewable ) LED TV","","720p","32 in",""
"RCA LED32G30RQ - 32' Class ( 31.5' viewable ) LED TV","","720p","32 in",""
"Samsung UN85S9VF - 85' Class ( 84.5' viewable ) 3D LED TV","Yes","4K UHDTV (2160p)","85 in",""
"Tivax MiTV A35-B (black)","","","3.5 in",""
"Toshiba 32L2400UC - 32' LED TV","","1080p (FullHD)","32 in",""
"Samsung UN65H7150 - 65' Class ( 64.5' viewable ) 3D LED TV","Yes","1080p (FullHD)","65 in",""
"LG 42LB5800 - 42' Class ( 41.9' viewable ) LED TV","","1080p (FullHD)","42 in",""
"Philips 50PFL3908 - 50' Class ( 49.5' viewable ) LED TV","","1080p (FullHD)","50 in",""
"Sharp LC 60C6500U - 60' LED TV","","1080p (FullHD)","60 in",""
"Samsung UN55EH6070 and 3D Blu-ray Disc Player (bundle)","Yes","1080p","55 in",""
"LG 60PB6600 - 60' Class ( 59.8' viewable ) plasma TV","","1080p (FullHD)","60 in",""
"Sony XBR-79X900B - 79' Class ( 78.6 viewable ) 3D LED TV","Yes","4K UHDTV (2160p)","79 in",""
"Samsung UN65HU9000","","4K (2160p)","65 in",""
"LG 55LN5100","No","1080p","55 in",""
"LG 32LN530B","","720p","32 in",""
"Haier LE29F2320","","720p","29 in",""
"Sony Bravia KDL-40EX400","","1080p (FullHD)","40 in",""
"InFocus INF4201","","1080p (FullHD)","42 in",""
"LG 39LP645H - 39' Class ( 38.6' viewable ) Pro:Idiom LED TV","","1080p (FullHD)","39 in",""
"Westinghouse LD-4655","No","1080p","46 in",""
"NEC MultiSync P402-AVT","","1080p (FullHD)","40 in",""
"LG 47LN541C - 47' Class ( 46.9' viewable ) LED TV","","1080p (FullHD)","47 in",""
"Samsung ME32C - 32' LED TV","","1080p (FullHD)","32 in",""
"Samsung UN55F7450 - 55' Class ( 54.6' viewable ) 3D LED TV","Yes","1080p (FullHD)","55 in",""
"VIZIO M-series M801i-A3 - 80' Class ( 80.01' viewable ) LED TV","","1080p (FullHD)","80 in",""
"Samsung UN55F6300 - 55' LED TV","","1080p (FullHD)","55 in",""
"Samsung UN55EH6050 - 55' Class ( 54.6' viewable ) LED TV","","1080p (FullHD)","55 in",""
"NEC MultiSync P703-AVT - 70' LED TV","","1080p (FullHD)","70 in",""
"SuperSonic SC-491","","","7 in",""
"Polaroid 46GSR3000 - 46' LED TV","","1080p (FullHD)","46 in",""
"Samsung UN75F6300","","1080p","75 in",""
"Philips 32PFL4907","","720p","32 in",""
"Samsung LN40C530","","1080p (FullHD)","40 in",""
"Sony XBR-84X900","Passive 3D","1080p","84 in",""
"Samsung UN55ES6600 - 55' Class ( 54.6' viewable ) 3D LED TV","Yes","1080p (FullHD)","55 in",""
"Panasonic Viera TX-47AS740","Yes","1080p (FullHD)","47",""
"Samsung UN55ES7100","Active 3D","1080p","55 in",""
"LG 32LN520B - 32' Class ( 31.5' viewable ) LED TV","","720p","32 in",""
"NEC MultiSync X551S-AVT","","1080p (FullHD)","55 in",""
"LG 55LB7200 - 55' Class ( 54.6' viewable ) 3D LED TV","Yes","1080p (FullHD)","55 in",""
"LG 42LT777H - 42' Pro:Idiom LED TV","","1080p (FullHD)","42 in",""
"Emerson LC401EM3F - 40' LCD TV","","1080p (FullHD)","40 in",""
"Samsung UN60ES7150 - 60' 3D LED TV","Yes","1080p (FullHD)","60 in",""
"Samsung HG46NA578","","1080p (FullHD)","46 in",""
"Mitsubishi WD-73733","","1080p (FullHD)","73 in",""
"Sharp LC 70TQ15U - 70' 3D LED TV","Yes","1080p (FullHD)","70 in",""
"Toshiba TD-Z701 - 70' LED-backlit LCD flat panel display","","1080p (FullHD)","70 in",""
"NEC MultiSync P552-AVT","","1080p (FullHD)","55 in",""
"Polaroid 24GSR3000 - 24' Class ( 23.6' viewable ) LED TV","","1080p (FullHD)","24 in",""
"Samsung UN60H6350 - 60' LED TV","","1080p (FullHD)","60 in",""
"Samsung UN40H5500 - 40' LED TV","","1080p (FullHD)","40 in",""
"Mitsubishi WD-65731","","1080p (FullHD)","65 in",""
"Vizio M321i-A2","","1080p","32 in",""
"LG 47LP645H - 47' Pro:Idiom LED TV","","1080p (FullHD)","47 in",""
"COBY LEDTV3226 - 31.5' LED TV","","720p","31.5 in",""
"Curtis PLCD5092A","","1080p (FullHD)","50 in",""
"Sony KDL-32R420B - 32' Class ( 31.5' viewable ) LED TV","","720p","32 in",""
"Toshiba 37AV502U - 37' LCD TV","","720p","37 in",""
"Samsung HL-R7178W","","1080p (FullHD)","71 in",""
"Naxa NTD-1552","","720p","16 in",""
"Vizio E420-A0","","1080p (FullHD)","42 in",""
"Vizio Razor E220MV","","1080p","22 in",""
"Supersonic SC-1311 - 13.3' LED TV","","","13.3 in",""
"LG 47LV355B - 47' Class ( 46.9' viewable ) LED TV","","1080p (FullHD)","47 in",""
"Sony KDL-60W630B","","1080p","60 in",""
"Sony KDL-70R520A","","1080p","70 in",""
"Naxa NTD-1354 - 13.3' LED TV","","","13.3 in",""
"RCA Commercial J22CE820 - 22' Class ( 21.6' viewable ) LED TV","","720p","22 in",""
"LG 50PN4500","","720p","50 in",""
"LG 24LN4510","","720p","24 in",""
"SunBriteTV 3220HD (white)","","720p","32 in",""
"LG 60LB6000","","1080p","60 in",""
"Westinghouse EW24T8FW","","1080p","24 in",""
"Samsung UN40ES6003","","1080p (FullHD)","40 in",""
"Sansui SLEDVD249 - 24' Class ( 23.6' viewable ) LED TV","","720p","24 in",""
"Sceptre X505BV-FMDR - 50' Class ( 49.5' viewable ) LED TV","","1080p (FullHD)","50 in",""
"LG 22LN4500","","720p","29 in",""
"Samsung UN55H8000","","1080p","55 in",""
"LG 50LB6500","Passive 3D","1080p","50 in",""
"LG 60LB7100","","","60 in",""
"TCL LE46FHDE5510","","1080p","46 in",""
"LG 84LM9600","Passive-3D compatible","1080p","84 in",""
"Samsung LN40D550 - 40' LCD TV","","1080p (FullHD)","40 in",""
"NEC MultiSync P553-AVT - 55' LED TV","","1080p (FullHD)","55 in",""
"Samsung 110-inch 4K LED","","","110 in",""
"Samsung UN60F6350 - 60' LED TV","","1080p (FullHD)","60 in",""
"Toshiba 58L5400","","1080p","58 in",""
"Toshiba 58L8400","","4K (2160p)","58 in",""
"Sceptre X405BV-FHDR - 40' LED TV","","1080p (FullHD)","40 in",""
"LG 60PN6900","Active 3D","1080p","60 in",""
"Samsung UN60EH6050","","1080p","60 in",""
"RCA LED52B55R120Q - 52' LED TV","","1080p (FullHD)","52 in",""
"VIZIO E470VLE - 47' LCD TV","","1080p (FullHD)","47 in",""
"Vizio E420VO","No","1080p (FullHD)","42.0 in",""
"Toshiba 50L4300U","","1080p (FullHD)","50 in",""
"Samsung PN63B550","","1080p (FullHD)","63 in",""
"TCL LE40FHDE3000 - 40' Class ( 40' viewable ) LED TV","","1080p (FullHD)","40 in",""
"Samsung UN46D6500 - 46' Class ( 45.9' viewable ) 3D LED TV","Yes","1080p (FullHD)","46 in",""
"LG 50LN5700 - 50' Class ( 49.5' viewable ) LED TV","","1080p (FullHD)","50 in",""
"Chi Mei DTC-37MK","","720p","37 in",""
"Samsung UN60ES7100","Active 3D","1080p","60 in",""
"Samsung UN32D4003 - 32' Class ( 31.5' viewable ) LED TV","No","720p","32 in",""
"NEC MultiSync V323-AVT - 32' Class ( 31.5' viewable ) LED TV","","1080p (FullHD)","32 in",""
"Coby TFTV4028","","1080p (FullHD)","40 in",""
"RCA LED50B45RQ","","1080p (FullHD)","50 in",""
"Sharp LC 40LE820UN - 40' LED TV","","1080p (FullHD)","40 in",""
"LG 32LN5300","","1080p","32 in",""
"Sceptre E243WV-FHD","","1080p (FullHD)","23 in",""
"Panasonic TC L47WT60 - 47' Class ( 46.9' viewable ) 3D LED TV","Yes","1080p (FullHD)","47 in",""
"NEC MultiSync V801-AVT","","1080p (FullHD)","80 in",""
"Haier HLT71","","","7 in",""
"Samsung UN32EH5000","","1080p (FullHD)","32 in",""
"Philips 46PFL7705DV - 46' LED TV","","1080p (FullHD)","46 in",""
"NEC MultiSync V652-AVT","","1080p (FullHD)","65 in",""
"Philips Magnavox 50ME313V - 50' Class ( 49.5' viewable ) LED TV","","1080p (FullHD)","50 in",""
"RCA LED24C45RQ","","1080p (FullHD)","24 in",""
"Samsung PE40C - 40' LED TV","","1080p (FullHD)","40 in",""
"LG 42GA6400","Passive 3D","1080p (FullHD)","42 in",""
"LG 55LS4500 - 55' Class ( 54.6' viewable ) LED TV","","1080p (FullHD)","55 in",""
"Samsung HG32NB677BF - 32' Pro:Idiom LED TV","","720p","32 in",""
"Coby LEDTV2316","","720p","23 in",""
"ViewSonic VT2405LED","","1080p (FullHD)","24 in",""
"Sony XBR-65X900A","Passive 3D","4K (2160p)","65 in",""
"Samsung LN46B550","","1080p (FullHD)","46 in",""
"Westinghouse VR-4090","","1080p (FullHD)","40 in",""
"COBY TFDVD3299 - 32' LCD TV","","720p","32 in",""
"LG 32CS560","","1080p (FullHD)","32 in","Nov. 15, 2012"
"VIZIO Razor LED E241-B1 - 24' Class ( 23.54' viewable ) LED TV","","1080p (FullHD)","24 in",""
"LG 47LB5800 - 47' Class ( 46.9' viewable ) LED TV","","1080p (FullHD)","47 in",""
"Sharp LC 70LE632U - 70' Class ( 69.5' viewable ) LED TV","","1080p (FullHD)","70 in",""
"Toshiba 50L1450U - 50' Class ( 49.5' viewable ) LED TV","","1080p (FullHD)","50 in",""
"RCA LED24C45RQ","","1080p (FullHD)","24 in",""
"Samsung UN60FH6200 - 60' LED TV","","1080p (FullHD)","60 in",""
"LG 47LA7400","Yes","1080p","47 in",""
"Samsung PE40C - 40' LED TV","","1080p (FullHD)","40 in",""
"LG 55LS4500 - 55' Class ( 54.6' viewable ) LED TV","","1080p (FullHD)","55 in",""
"Sharp Aquos LC-52XS1US","","1080p (FullHD)","52 in",""
"Sony Internet TV KDL-55W900A - 55' Class ( 54.6' viewable ) 3D LED TV","Yes","1080p (FullHD)","55 in",""
"LG 55LY340C - 55' LED-backlit LCD flat panel display","","1080p (FullHD)","55 in",""
"Philips 46PFL7705DV - 46' LED TV","","1080p (FullHD)","46 in",""
"NEC MultiSync V652-AVT","","1080p (FullHD)","65 in",""
"Philips Magnavox 50ME313V - 50' Class ( 49.5' viewable ) LED TV","","1080p (FullHD)","50 in",""
"Sansui SLED3200","","720p","32 in",""
"Sansui SLED3228 - 32' Class ( 31.5' viewable ) LED TV","","720p","32 in",""
"LG 55LN541C - 55' Class ( 54.6' viewable ) LED TV","","1080p (FullHD)","55 in",""
"Sansui SLED3915 - 39' Class ( 38.57' viewable ) LED TV","","1080p (FullHD)","39 in",""
"Samsung LN46C650","","1080p (FullHD)","46 in",""
"Samsung HG26NA470","","720p","26 in",""
"Samsung UN48H6350 - 48' Class ( 47.6' viewable ) LED TV","","1080p (FullHD)","48 in",""
"Samsung HP-R4272","","720p","42 in",""
"Element ELEFQ391J - 39' LCD TV","","1080p (FullHD)","39 in",""
"Coby LEDTV2316","","720p","23 in",""
"Samsung LN46B530","","1080p (FullHD)","46 in",""
"Panasonic TC-L50ET60","Yes","1080p","50 in",""
"Samsung ME55C - 55' Class ( 54.6' viewable ) LED-backlit LCD flat panel display","","1080p (FullHD)","55 in",""
"ViewSonic VT2405LED","","1080p (FullHD)","24 in",""
"Sony XBR-65X900A","Passive 3D","4K (2160p)","65 in",""
"COBY TFDVD3299 - 32' LCD TV","","720p","32 in",""
"Samsung LN46B550","","1080p (FullHD)","46 in",""
"Westinghouse VR-4090","","1080p (FullHD)","40 in",""
"Magnavox 15MF605T","","","15 in",""
"Samsung UN50F6350 - 50' Class ( 49.5' viewable ) LED TV","","1080p (FullHD)","50 in",""
"Sharp LC-70LE600U","","1080p","70 in",""
"TCL LE40FHDE3000 - 40' Class ( 40' viewable ) LED TV","","1080p (FullHD)","40 in",""
"LG 60LN6150","","1080p (FullHD)","60 in",""
"Sceptre E243PV-FHD","No","1080p","23 in",""
"LG 47LA7400","Yes","1080p","47 in",""
"RCA LED55C55R120Q","","1080p (FullHD)","55 in",""
"Sylvania LC320SL1","","720p","32 in",""
"Samsung PN51D550","Yes","1080p","51 in",""
"LG 47LE5400","","1080p (FullHD)","47 in",""
"ViewSonic VT2216-L - 22' Class ( 21.5' viewable ) LED-backlit LCD flat panel display","","1080p (FullHD)","22 in",""
"JVC LT-32E479","","720p","32 in",""
"Samsung UN46H7150 - 46' Class ( 45.9' viewable ) 3D LED TV","Yes","1080p (FullHD)","46 in",""
"Supersonic SC-1512","","720p","15.4 in",""
"SunBriteTV 5560HD","","1080p (FullHD)","55 in",""
"SunBriteTV 5510HD (black)","","1080p (FullHD)","55 in",""
"SunBriteTV Signature Series 4660HD - 46' LCD TV","","1080p (FullHD)","46 in",""
"Sony KDF-37H1000","","720p","37 in",""
"Toshiba 58L9300U","Active 3D","4K UHDTV (2160p)","58 in",""
"Sharp LC 60LE831U - 60' Class ( 60.03' viewable ) LED TV","","1080p (FullHD)","60 in",""
"Samsung PN64D550","Yes","1080p","64 in",""
"RCA 22LB45RQ - 22' Class ( 21.6' viewable ) LCD TV","","1080p (FullHD)","22 in",""
"Samsung PN50C550","","1080p (FullHD)","50 in",""
"Sharp LC 70C7500U - 70' LED TV","","1080p (FullHD)","70 in",""
"JVC JLE55SP4000","Yes","1080p","55 in",""
"NEC MultiSync X552S-AVT","","1080p (FullHD)","55 in",""
"Sharp Aquos Quattron LC-52LE925UN","Yes","1080p (FullHD)","52 in",""
"SunBriteTV Signature Series 3260HD - 32' Class ( 31.5' viewable ) LCD TV","","720p","32 in",""
"NEC E554 - 55' LED-backlit LCD flat panel display","","1080p (FullHD)","55 in",""
"Panasonic TH-50PX75U","","720p","50 in",""
"Hitachi 50V710","","720p","50 in",""
"SunBriteTV 4610HD - 46' LCD TV","","1080p (FullHD)","46 in",""
"Emerson LE290EM4 - 29' Class ( 28.5' viewable ) LCD TV","","720p","29 in",""
"Sharp LC 55LE620UT - 55' LED TV","","1080p (FullHD)","55 in",""
"Samsung UN26D4003 - 26' LED TV","","720p","26 in",""
"Samsung LN19B360","","720p","19 in","Nov. 20, 2009"
"SunBriteTV 5565HD - 55' LED TV","","1080p (FullHD)","55 in",""
"ViewSonic VT1602-L - 16' Class ( 15.6' viewable ) LED TV","","720p","16 in",""
"LG 55GA6400","Passive 3D","1080p (FullHD)","55 in",""
"RCA LED32B30RQD - 32' Class ( 31.5' viewable ) LED TV","","720p","32 in",""
"Vizio E241-A1","","1080p (FullHD)","24 in",""
"LG 50PN5300 - 50' Class ( 49.9' viewable ) plasma TV","","1080p (FullHD)","50 in",""
"Panasonic PT-50LC14","","720p","50 in",""
"Toshiba 39L4300U","","1080p (FullHD)","39 in",""
"Supersonic SC-2411 - 24' LED TV","","1080p (FullHD)","24 in",""
"Samsung PN60F5500 - 60' plasma TV","Yes","1080p (FullHD)","60 in",""
"LG 47LN5700 - 47' Class ( 46.9' viewable ) LED TV","","1080p (FullHD)","47 in",""
"Naxa NT-1507 - 16' LED TV","","720p","16 in",""
"Samsung PN51F4500","","720p","51 in",""
"Samsung UN60D6000","","1080p","60 in",""
"Sharp LC 32LB150U - 32' Class ( 31.5' viewable ) LED TV","No","1080p","32 in",""
"Samsung UN32EH4050 - 32' Class ( 31.5' viewable ) LED TV","","720p","32 in",""
"Seiki SE19HY10 - 19' Class ( 18.5' viewable ) LED TV","","720p","19 in",""
"Sharp LC 52LE820UN - 52' LED TV","","1080p (FullHD)","52 in",""
"Samsung ME46C - 46' Class ( 45.9' viewable ) LED-backlit LCD flat panel display","","1080p (FullHD)","46 in",""
"LG 42LT560E - 42' LED TV","","1080p (FullHD)","42 in",""
"Samsung PE55C - 55' LED TV","","1080p (FullHD)","55 in",""
"Samsung HL-S5088W","","1080p (FullHD)","50 in",""
"Sharp LC-46LE540U","","1080p","46 in",""
"Samsung HG46NB677FF - 46' Pro:Idiom LED TV","","1080p (FullHD)","46 in",""
"Samsung HG26NA477","","720p","26 in",""
"Sony Bravia KDL-65HX729","Active 3D","1080p","65 in",""
"Haier L24B2120","","720p","24 in",""
"Sansui SLED2900 - 29' Class ( 28.5' viewable ) LED TV","","720p","29 in",""
"VIZIO E470VLE - 47' LCD TV","","1080p (FullHD)","47 in",""
"Vizio E420VA","","1080p (FullHD)","42 in",""
"RCA LED40C45RQ - 40' LED TV","","1080p (FullHD)","40 in",""
"Samsung KN55S9C","Active 3D","1080p","55 in",""
"Samsung MD46B - 46' LED TV","","1080p (FullHD)","46 in",""
"Sony KDL-40BX421 - 40' LCD TV","","1080p (FullHD)","40 in",""
"Philips 29PFL4908 - 29' Class ( 28.5' viewable ) LED TV","","720p","29 in",""
"Sharp LC 60LE857U - 60' 3D LED TV","Yes","1080p (FullHD)","60 in",""
"Samsung UN60ES7100","Active 3D","1080p","60 in",""
"Toshiba 50L4300U","","1080p (FullHD)","50 in",""
"NEC MultiSync V323-AVT - 32' Class ( 31.5' viewable ) LED TV","","1080p (FullHD)","32 in",""
"Samsung UN32D4003 - 32' Class ( 31.5' viewable ) LED TV","No","720p","32 in",""
"Philips 32PFL5708 - 32' Class ( 31.5' viewable ) LED TV","","1080p (FullHD)","32 in",""
"Samsung PN60E7000","Active 3D","1080p (FullHD)","59 in",""
"Curtis LCD4299A","Yes","1080p (FullHD)","42 in",""
"Magnavox 22MD311B","","720p","22 in",""
"NEC MultiSync P463-AVT - 46' LED TV","","1080p (FullHD)","46 in",""
"LG 55LM4700 (w/ sound bar)","Passive 3D","1080p","55 in",""
"TCL 48FS4610 - 48' Class ( 47.6' viewable ) LED TV","","1080p (FullHD)","48 in",""
"Panasonic TC L32B6 - 32' Class ( 31.5' viewable ) LED TV","","720p","32 in",""
"Samsung MD32B - 32' LED-backlit LCD flat panel display","","1080p (FullHD)","32 in",""
"Toshiba 32L4300U","","1080p (FullHD)","32 in",""
"Samsung UN48H6350 - 48' Class ( 47.6' viewable ) LED TV","","1080p (FullHD)","48 in",""
"Samsung SyncMaster DE40C","","1080p (FullHD)","40 in",""
"Samsung HG26NA470","","720p","26 in",""
"Sharp LC 70EQ10U - 70' Class ( 69.5' viewable ) LED TV","","1080p (FullHD)","70 in",""
"Sony KDF-37H1000","","720p","37 in",""
"VIZIO E-series E320-B1 - 32' Class ( 31.5' viewable ) LED TV","","720p","32 in",""
"Samsung UN40D6300","","1080p","40 in",""
"Coby TFTV1022","","","10.2 in",""
"LG 42LN5400","","1080p","42 in",""
"Sharp LC-42LB150U","","1080p (FullHD)","42 in",""
"Philips 39PFL2908 - 39' Class ( 38.6' viewable ) LED TV","","1080p (FullHD)","39 in",""
"NEC V322-AVT - 32' Class ( 31.5' viewable ) LCD TV","","720p","32 in",""
"Mitsubishi WD-65C9","","1080p (FullHD)","65 in",""
"Sony ICF-DVD57TV - 9' LCD TV","","","9 in",""
"Pyle PTC19LC - 19' LCD TV","","720p","19 in",""
"RCA DHT235A","","","3.5 in",""
"LG 50LB6000 - 50' Class ( 49.5' viewable ) LED TV","","1080p (FullHD)","50 in",""
"Vizio E3DB420VX (bundle)","Yes","1080p (FullHD)","42 in",""
"Naxa NTD-7561","","","7 in",""
"Vizio E420i-A0","","1080p (FullHD)","42 in",""
"Philips 39PFL2908 - 39' Class ( 38.6' viewable ) LED TV","","1080p (FullHD)","39 in",""
"NEC V322-AVT - 32' Class ( 31.5' viewable ) LCD TV","","720p","32 in",""
"TCL LE48FHDF3300Z - 48' Class ( 47.6' viewable ) LED TV","","1080p (FullHD)","48 in",""
"Supersonic SC-1312","","720p","13.3 in",""
"Samsung HG32NA478","","720p","32 in",""
"NEC MultiSync V463-AVT","","1080p (FullHD)","46 in",""
"LG 65LW6500 - 65' Class ( 64.7' viewable ) 3D LED TV","Yes","1080p (FullHD)","65 in",""
"Sharp LC 32LB150U - 32' Class ( 31.5' viewable ) LED TV","No","1080p","32 in",""
"JVC DM65USR","","","65 in",""
"Sharp LC-39LE440U","","1080p (FullHD)","39 in",""
"Curtis LCDVD152AC w/built-in DVD player","","720p","15 in",""
"Pyle PLVW19IW","","","19 in",""
"LG 55G2","Yes","1080p","55 in",""
"Samsung UN46EH5300","","1080p (FullHD)","46 in",""
"LG 47LN5200","No","1080p","47 in",""
"Insignia NS-19E310A13 - 19' Class ( 18.5' viewable ) LED TV","","720p","19 in",""
"LG 55LE5400","","1080p (FullHD)","55 in",""
"Samsung UN40ES6580","Yes","1080p (FullHD)","40 in",""
"Samsung UN40D6000","","1080p","40 in",""
"Sharp Aquos Quattron LC-60LE835U","Yes","1080p (FullHD)","60 in",""
"Samsung UN19D4003","","720p","19 in",""
"Samsung UN55ES6100","","1080p","55 in",""
"Samsung UN40ES6100","","1080p","40 in",""
"Samsung PN51E530","","1080p","51 in",""
"Supersonic SC-1511","","720p","15 in",""
"Samsung PN59D550","Yes","1080p","59 in",""
"LG 42LN5200","No","1080p","42 in",""
"Sony Bravia KDL-40HX800","Yes","1080p","",""
"Sony Bravia KDL-46HX820","Yes","1080p","46 in",""
"Sharp LC 60E79U - 60' LCD TV","","1080p (FullHD)","60 in",""
"Samsung HG39NA578CF - 39' Pro:Idiom LED TV","","1080p (FullHD)","39 in",""
"Seiki SE28HY10 - 28' Class ( 27.5' viewable ) LED TV","","720p","28 in",""
"SuperSonic SC-491","","","7 in",""
"Hitachi 50VF820","","720p","50 in",""
"Philips 32PFL4907","","720p","32 in",""
"Panasonic PT 50LC13 - 50' rear projection TV","","720p","50 in",""
"Samsung UN40EH5300","","1080p (FullHD)","40 in",""
"Panasonic TC L47WT60 - 47' Class ( 46.9' viewable ) 3D LED TV","Yes","1080p (FullHD)","47 in",""
"Samsung UN32H6350 - 32' Class ( 31.5' viewable ) LED TV","","1080p (FullHD)","32 in",""
"Philips 40PFL4708 - 40' LED TV","","1080p (FullHD)","40 in",""
"Samsung UN55HU9000","Yes","4K UHDTV (2160p)","55 in",""
"TCL LE40FHDE3010 - 40' Class ( 40' viewable ) LED TV","","1080p (FullHD)","40 in",""
"RCA LED24C45RQD","","1080p (FullHD)","24 in",""
"JVC HD-61Z786","","720p","61 in",""
"Samsung UN40EH5050","","1080p (FullHD)","40 in",""
"LG 50PN450P - 50' Class ( 49.6' viewable ) plasma TV","","","50 in",""
"ProScan PLDED3996A","","1080p (FullHD)","39 in",""
"Sony XBR-65X850B","Yes","4K (2160p)","65 in",""
"Sony XBR 49X850B","Yes","4K UHDTV (2160p)","49 in",""
"Samsung HG40NA570","","1080p (FullHD)","40 in",""
"Samsung UN46F5000AF","","1080p (FullHD)","46 in",""
"Samsung UN60EH6002 - 60' LED TV","","1080p (FullHD)","60 in",""
"LG 42LB6300 - 42' Class ( 41.9' viewable ) LED TV","","1080p (FullHD)","42 in",""
"Peerless-AV UV2 CL-4765 - 47' LCD TV","","1080p (FullHD)","47 in",""
"TCL LE39FHDE3010 - 39' Class ( 38.5' viewable ) LED TV","","1080p (FullHD)","39 in",""
"LG 47LN5400","","1080p","47 in",""
"LG 60LN5750 - 60' Class ( 59.5' viewable ) LED TV","","1080p (FullHD)","60 in",""
"Vizio E390-A1","","1080p (FullHD)","39 in",""
"LG 39LB5800 - 39' Class ( 38.5' viewable ) LED TV","","1080p (FullHD)","39 in",""
"LG 32LB5800 - 32' Class ( 31.5' viewable ) LED TV","","1080p (FullHD)","32 in",""
"Panasonic TC-L39EM60","","1080p (FullHD)","39 in",""
"Sansui SLED2400 - 24' Class ( 23.6' viewable ) LED TV","","720p","24 in",""
"VIZIO E-series E320I-B1 - 32' Class ( 31.5' viewable ) LED TV","","720p","32 in",""
"RCA DPTM70R - 7' LED TV","","","7 in",""
"LG 42LP645H - 42' Pro:Idiom LED TV","","1080p (FullHD)","42 in",""
"Samsung H40B - 40' LED-backlit LCD flat panel display","","1080p (FullHD)","40 in",""
"Mitsubishi WD-65C9","","1080p (FullHD)","65 in",""
"Vizio E551d-A0","Yes","1080p","55 in",""
"Philips 19PFL3504D - 19' LCD TV","","720p","19 in",""

